,time,temperature_2m,cloudcover,windspeed_10m,latitude,longitude
0,2024-10-30T00:00,11.6,100,3.1,45.5152,-122.6784
1,2024-10-30T01:00,11.1,100,1.3,45.5152,-122.6784
2,2024-10-30T02:00,10.3,41,2.2,45.5152,-122.6784
3,2024-10-30T03:00,9.2,1,6.0,45.5152,-122.6784
4,2024-10-30T04:00,8.3,0,5.5,45.5152,-122.6784
5,2024-10-30T05:00,7.8,48,4.0,45.5152,-122.6784
6,2024-10-30T06:00,6.8,15,8.1,45.5152,-122.6784
7,2024-10-30T07:00,6.6,82,6.2,45.5152,-122.6784
8,2024-10-30T08:00,6.6,99,6.3,45.5152,-122.6784
9,2024-10-30T09:00,6.8,57,10.1,45.5152,-122.6784
10,2024-10-30T10:00,6.4,39,8.2,45.5152,-122.6784
11,2024-10-30T11:00,6.7,91,8.2,45.5152,-122.6784
12,2024-10-30T12:00,6.8,99,5.5,45.5152,-122.6784
13,2024-10-30T13:00,6.5,67,6.1,45.5152,-122.6784
14,2024-10-30T14:00,6.7,99,6.7,45.5152,-122.6784
15,2024-10-30T15:00,6.4,3,7.1,45.5152,-122.6784
16,2024-10-30T16:00,7.2,99,7.6,45.5152,-122.6784
17,2024-10-30T17:00,7.5,100,6.5,45.5152,-122.6784
18,2024-10-30T18:00,8.4,100,10.8,45.5152,-122.6784
19,2024-10-30T19:00,8.7,100,10.9,45.5152,-122.6784
20,2024-10-30T20:00,8.6,100,11.6,45.5152,-122.6784
21,2024-10-30T21:00,9.1,100,21.1,45.5152,-122.6784
22,2024-10-30T22:00,9.2,100,13.3,45.5152,-122.6784
23,2024-10-30T23:00,8.5,100,15.8,45.5152,-122.6784
24,2024-10-31T00:00,7.8,100,15.2,45.5152,-122.6784
25,2024-10-31T01:00,6.7,90,14.0,45.5152,-122.6784
26,2024-10-31T02:00,6.3,100,17.4,45.5152,-122.6784
27,2024-10-31T03:00,6.1,100,16.6,45.5152,-122.6784
28,2024-10-31T04:00,6.0,36,14.5,45.5152,-122.6784
29,2024-10-31T05:00,6.1,55,14.2,45.5152,-122.6784
30,2024-10-31T06:00,6.0,100,14.0,45.5152,-122.6784
31,2024-10-31T07:00,6.1,77,15.7,45.5152,-122.6784
32,2024-10-31T08:00,5.9,100,14.8,45.5152,-122.6784
33,2024-10-31T09:00,6.1,100,18.2,45.5152,-122.6784
34,2024-10-31T10:00,6.0,100,18.0,45.5152,-122.6784
35,2024-10-31T11:00,6.0,93,16.4,45.5152,-122.6784
36,2024-10-31T12:00,6.1,84,14.7,45.5152,-122.6784
37,2024-10-31T13:00,6.4,100,17.9,45.5152,-122.6784
38,2024-10-31T14:00,6.3,100,20.1,45.5152,-122.6784
39,2024-10-31T15:00,6.2,100,12.0,45.5152,-122.6784
40,2024-10-31T16:00,6.6,100,9.8,45.5152,-122.6784
41,2024-10-31T17:00,7.5,100,11.9,45.5152,-122.6784
42,2024-10-31T18:00,8.4,100,19.7,45.5152,-122.6784
43,2024-10-31T19:00,9.2,100,19.9,45.5152,-122.6784
44,2024-10-31T20:00,10.0,100,19.2,45.5152,-122.6784
45,2024-10-31T21:00,10.0,100,18.8,45.5152,-122.6784
46,2024-10-31T22:00,9.8,100,15.8,45.5152,-122.6784
47,2024-10-31T23:00,10.6,100,17.1,45.5152,-122.6784
48,2024-11-01T00:00,9.6,100,20.7,45.5152,-122.6784
49,2024-11-01T01:00,8.9,100,19.7,45.5152,-122.6784
50,2024-11-01T02:00,8.7,100,15.3,45.5152,-122.6784
51,2024-11-01T03:00,8.7,100,17.1,45.5152,-122.6784
52,2024-11-01T04:00,8.1,100,18.4,45.5152,-122.6784
53,2024-11-01T05:00,8.4,100,20.4,45.5152,-122.6784
54,2024-11-01T06:00,8.4,100,18.6,45.5152,-122.6784
55,2024-11-01T07:00,8.5,100,22.2,45.5152,-122.6784
56,2024-11-01T08:00,8.5,100,13.3,45.5152,-122.6784
57,2024-11-01T09:00,9.0,100,16.4,45.5152,-122.6784
58,2024-11-01T10:00,9.4,100,16.4,45.5152,-122.6784
59,2024-11-01T11:00,9.0,100,15.6,45.5152,-122.6784
60,2024-11-01T12:00,9.1,100,11.2,45.5152,-122.6784
61,2024-11-01T13:00,8.7,100,15.3,45.5152,-122.6784
62,2024-11-01T14:00,8.4,100,11.7,45.5152,-122.6784
63,2024-11-01T15:00,7.3,100,15.5,45.5152,-122.6784
64,2024-11-01T16:00,7.3,100,14.1,45.5152,-122.6784
65,2024-11-01T17:00,6.9,100,11.9,45.5152,-122.6784
66,2024-11-01T18:00,7.1,100,7.2,45.5152,-122.6784
67,2024-11-01T19:00,7.0,100,6.0,45.5152,-122.6784
68,2024-11-01T20:00,7.2,100,6.1,45.5152,-122.6784
69,2024-11-01T21:00,7.8,100,6.5,45.5152,-122.6784
70,2024-11-01T22:00,8.2,100,5.8,45.5152,-122.6784
71,2024-11-01T23:00,8.4,100,4.3,45.5152,-122.6784
72,2024-11-02T00:00,8.8,100,3.6,45.5152,-122.6784
73,2024-11-02T01:00,8.7,100,3.7,45.5152,-122.6784
74,2024-11-02T02:00,8.4,100,3.8,45.5152,-122.6784
75,2024-11-02T03:00,8.4,100,4.7,45.5152,-122.6784
76,2024-11-02T04:00,8.7,100,9.4,45.5152,-122.6784
77,2024-11-02T05:00,8.9,100,8.1,45.5152,-122.6784
78,2024-11-02T06:00,8.8,100,5.4,45.5152,-122.6784
79,2024-11-02T07:00,8.5,98,6.0,45.5152,-122.6784
80,2024-11-02T08:00,8.6,100,4.8,45.5152,-122.6784
81,2024-11-02T09:00,8.7,100,5.1,45.5152,-122.6784
82,2024-11-02T10:00,8.4,100,5.1,45.5152,-122.6784
83,2024-11-02T11:00,7.3,14,4.3,45.5152,-122.6784
84,2024-11-02T12:00,6.8,9,3.1,45.5152,-122.6784
85,2024-11-02T13:00,6.6,8,2.4,45.5152,-122.6784
86,2024-11-02T14:00,6.5,62,1.6,45.5152,-122.6784
87,2024-11-02T15:00,7.2,100,1.9,45.5152,-122.6784
88,2024-11-02T16:00,7.5,100,3.3,45.5152,-122.6784
89,2024-11-02T17:00,7.9,100,4.7,45.5152,-122.6784
90,2024-11-02T18:00,8.6,97,5.9,45.5152,-122.6784
91,2024-11-02T19:00,9.6,98,6.9,45.5152,-122.6784
92,2024-11-02T20:00,11.0,61,8.1,45.5152,-122.6784
93,2024-11-02T21:00,10.6,100,8.2,45.5152,-122.6784
94,2024-11-02T22:00,10.8,100,6.0,45.5152,-122.6784
95,2024-11-02T23:00,10.9,100,4.7,45.5152,-122.6784
96,2024-11-03T00:00,10.3,100,3.4,45.5152,-122.6784
97,2024-11-03T01:00,9.4,100,7.1,45.5152,-122.6784
98,2024-11-03T02:00,9.7,100,3.3,45.5152,-122.6784
99,2024-11-03T03:00,9.2,100,3.4,45.5152,-122.6784
100,2024-11-03T04:00,9.0,100,4.9,45.5152,-122.6784
101,2024-11-03T05:00,8.7,100,5.2,45.5152,-122.6784
102,2024-11-03T06:00,8.7,100,3.6,45.5152,-122.6784
103,2024-11-03T07:00,8.8,100,7.2,45.5152,-122.6784
104,2024-11-03T08:00,8.6,100,8.9,45.5152,-122.6784
105,2024-11-03T09:00,8.6,100,10.2,45.5152,-122.6784
106,2024-11-03T10:00,8.6,100,9.6,45.5152,-122.6784
107,2024-11-03T11:00,8.5,100,7.2,45.5152,-122.6784
108,2024-11-03T12:00,8.4,100,5.2,45.5152,-122.6784
109,2024-11-03T13:00,8.4,100,4.4,45.5152,-122.6784
110,2024-11-03T14:00,8.5,100,4.9,45.5152,-122.6784
111,2024-11-03T15:00,8.5,100,2.5,45.5152,-122.6784
112,2024-11-03T16:00,8.6,73,1.8,45.5152,-122.6784
113,2024-11-03T17:00,9.6,77,4.3,45.5152,-122.6784
114,2024-11-03T18:00,10.3,100,7.0,45.5152,-122.6784
115,2024-11-03T19:00,10.8,100,9.5,45.5152,-122.6784
116,2024-11-03T20:00,12.4,24,12.9,45.5152,-122.6784
117,2024-11-03T21:00,12.8,52,13.1,45.5152,-122.6784
118,2024-11-03T22:00,12.6,100,12.5,45.5152,-122.6784
119,2024-11-03T23:00,12.8,14,12.4,45.5152,-122.6784
120,2024-11-04T00:00,11.9,12,12.6,45.5152,-122.6784
121,2024-11-04T01:00,10.5,7,7.8,45.5152,-122.6784
122,2024-11-04T02:00,9.8,22,6.5,45.5152,-122.6784
123,2024-11-04T03:00,9.4,68,5.8,45.5152,-122.6784
124,2024-11-04T04:00,9.0,82,4.1,45.5152,-122.6784
125,2024-11-04T05:00,9.1,83,3.3,45.5152,-122.6784
126,2024-11-04T06:00,8.6,91,1.1,45.5152,-122.6784
127,2024-11-04T07:00,8.6,92,1.0,45.5152,-122.6784
128,2024-11-04T08:00,8.7,93,1.1,45.5152,-122.6784
129,2024-11-04T09:00,8.6,94,1.4,45.5152,-122.6784
130,2024-11-04T10:00,8.3,92,2.2,45.5152,-122.6784
131,2024-11-04T11:00,7.9,89,3.0,45.5152,-122.6784
132,2024-11-04T12:00,7.5,87,3.3,45.5152,-122.6784
133,2024-11-04T13:00,7.2,77,2.6,45.5152,-122.6784
134,2024-11-04T14:00,6.8,66,1.8,45.5152,-122.6784
135,2024-11-04T15:00,6.9,56,0.8,45.5152,-122.6784
136,2024-11-04T16:00,7.7,54,1.8,45.5152,-122.6784
137,2024-11-04T17:00,8.9,53,3.6,45.5152,-122.6784
138,2024-11-04T18:00,9.9,51,4.7,45.5152,-122.6784
139,2024-11-04T19:00,10.8,64,5.0,45.5152,-122.6784
140,2024-11-04T20:00,11.6,78,5.2,45.5152,-122.6784
141,2024-11-04T21:00,12.1,91,5.4,45.5152,-122.6784
142,2024-11-04T22:00,12.0,94,5.7,45.5152,-122.6784
143,2024-11-04T23:00,11.5,97,6.3,45.5152,-122.6784
144,2024-11-05T00:00,11.1,100,6.3,45.5152,-122.6784
145,2024-11-05T01:00,10.9,100,5.4,45.5152,-122.6784
146,2024-11-05T02:00,10.7,100,4.5,45.5152,-122.6784
147,2024-11-05T03:00,10.6,100,4.6,45.5152,-122.6784
148,2024-11-05T04:00,10.5,100,4.6,45.5152,-122.6784
149,2024-11-05T05:00,10.4,100,5.0,45.5152,-122.6784
150,2024-11-05T06:00,10.3,100,5.4,45.5152,-122.6784
151,2024-11-05T07:00,10.2,100,6.1,45.5152,-122.6784
152,2024-11-05T08:00,10.1,100,7.2,45.5152,-122.6784
153,2024-11-05T09:00,10.0,100,7.2,45.5152,-122.6784
154,2024-11-05T10:00,9.9,100,6.2,45.5152,-122.6784
155,2024-11-05T11:00,9.8,100,4.8,45.5152,-122.6784
156,2024-11-05T12:00,9.7,100,3.9,45.5152,-122.6784
157,2024-11-05T13:00,9.7,100,5.0,45.5152,-122.6784
158,2024-11-05T14:00,9.8,99,7.6,45.5152,-122.6784
159,2024-11-05T15:00,9.8,99,9.8,45.5152,-122.6784
160,2024-11-05T16:00,9.8,85,10.9,45.5152,-122.6784
161,2024-11-05T17:00,9.8,71,11.7,45.5152,-122.6784
162,2024-11-05T18:00,10.0,57,12.3,45.5152,-122.6784
163,2024-11-05T19:00,10.5,60,13.2,45.5152,-122.6784
164,2024-11-05T20:00,11.2,64,15.2,45.5152,-122.6784
165,2024-11-05T21:00,11.6,67,16.4,45.5152,-122.6784
166,2024-11-05T22:00,11.6,57,16.2,45.5152,-122.6784
167,2024-11-05T23:00,11.4,46,15.0,45.5152,-122.6784
168,2024-10-30T00:00,11.6,100,3.1,45.5152,-122.67739999999999
169,2024-10-30T01:00,11.1,100,1.3,45.5152,-122.67739999999999
170,2024-10-30T02:00,10.3,41,2.2,45.5152,-122.67739999999999
171,2024-10-30T03:00,9.1,1,6.0,45.5152,-122.67739999999999
172,2024-10-30T04:00,8.3,0,5.5,45.5152,-122.67739999999999
173,2024-10-30T05:00,7.7,48,4.0,45.5152,-122.67739999999999
174,2024-10-30T06:00,6.7,15,8.1,45.5152,-122.67739999999999
175,2024-10-30T07:00,6.5,82,6.2,45.5152,-122.67739999999999
176,2024-10-30T08:00,6.5,99,6.3,45.5152,-122.67739999999999
177,2024-10-30T09:00,6.8,57,10.1,45.5152,-122.67739999999999
178,2024-10-30T10:00,6.3,39,8.2,45.5152,-122.67739999999999
179,2024-10-30T11:00,6.7,91,8.2,45.5152,-122.67739999999999
180,2024-10-30T12:00,6.8,99,5.5,45.5152,-122.67739999999999
181,2024-10-30T13:00,6.5,67,6.1,45.5152,-122.67739999999999
182,2024-10-30T14:00,6.6,99,6.7,45.5152,-122.67739999999999
183,2024-10-30T15:00,6.3,3,7.1,45.5152,-122.67739999999999
184,2024-10-30T16:00,7.2,99,7.6,45.5152,-122.67739999999999
185,2024-10-30T17:00,7.4,100,6.5,45.5152,-122.67739999999999
186,2024-10-30T18:00,8.4,100,10.8,45.5152,-122.67739999999999
187,2024-10-30T19:00,8.6,100,10.9,45.5152,-122.67739999999999
188,2024-10-30T20:00,8.6,100,11.6,45.5152,-122.67739999999999
189,2024-10-30T21:00,9.0,100,21.1,45.5152,-122.67739999999999
190,2024-10-30T22:00,9.2,100,13.3,45.5152,-122.67739999999999
191,2024-10-30T23:00,8.4,100,15.8,45.5152,-122.67739999999999
192,2024-10-31T00:00,7.8,100,15.2,45.5152,-122.67739999999999
193,2024-10-31T01:00,6.7,90,14.0,45.5152,-122.67739999999999
194,2024-10-31T02:00,6.2,100,17.4,45.5152,-122.67739999999999
195,2024-10-31T03:00,6.0,100,16.6,45.5152,-122.67739999999999
196,2024-10-31T04:00,6.0,36,14.5,45.5152,-122.67739999999999
197,2024-10-31T05:00,6.0,55,14.2,45.5152,-122.67739999999999
198,2024-10-31T06:00,6.0,100,14.0,45.5152,-122.67739999999999
199,2024-10-31T07:00,6.0,77,15.7,45.5152,-122.67739999999999
200,2024-10-31T08:00,5.9,100,14.8,45.5152,-122.67739999999999
201,2024-10-31T09:00,6.0,100,18.2,45.5152,-122.67739999999999
202,2024-10-31T10:00,5.9,100,18.0,45.5152,-122.67739999999999
203,2024-10-31T11:00,5.9,93,16.4,45.5152,-122.67739999999999
204,2024-10-31T12:00,6.0,84,14.7,45.5152,-122.67739999999999
205,2024-10-31T13:00,6.4,100,17.9,45.5152,-122.67739999999999
206,2024-10-31T14:00,6.3,100,20.1,45.5152,-122.67739999999999
207,2024-10-31T15:00,6.1,100,12.0,45.5152,-122.67739999999999
208,2024-10-31T16:00,6.6,100,9.8,45.5152,-122.67739999999999
209,2024-10-31T17:00,7.4,100,11.9,45.5152,-122.67739999999999
210,2024-10-31T18:00,8.4,100,19.7,45.5152,-122.67739999999999
211,2024-10-31T19:00,9.2,100,19.9,45.5152,-122.67739999999999
212,2024-10-31T20:00,9.9,100,19.2,45.5152,-122.67739999999999
213,2024-10-31T21:00,10.0,100,18.8,45.5152,-122.67739999999999
214,2024-10-31T22:00,9.7,100,15.8,45.5152,-122.67739999999999
215,2024-10-31T23:00,10.6,100,17.1,45.5152,-122.67739999999999
216,2024-11-01T00:00,9.6,100,20.7,45.5152,-122.67739999999999
217,2024-11-01T01:00,8.8,100,19.7,45.5152,-122.67739999999999
218,2024-11-01T02:00,8.7,100,15.3,45.5152,-122.67739999999999
219,2024-11-01T03:00,8.6,100,17.1,45.5152,-122.67739999999999
220,2024-11-01T04:00,8.1,100,18.4,45.5152,-122.67739999999999
221,2024-11-01T05:00,8.3,100,20.4,45.5152,-122.67739999999999
222,2024-11-01T06:00,8.4,100,18.6,45.5152,-122.67739999999999
223,2024-11-01T07:00,8.4,100,22.2,45.5152,-122.67739999999999
224,2024-11-01T08:00,8.5,100,13.3,45.5152,-122.67739999999999
225,2024-11-01T09:00,9.0,100,16.4,45.5152,-122.67739999999999
226,2024-11-01T10:00,9.3,100,16.4,45.5152,-122.67739999999999
227,2024-11-01T11:00,9.0,100,15.6,45.5152,-122.67739999999999
228,2024-11-01T12:00,9.0,100,11.2,45.5152,-122.67739999999999
229,2024-11-01T13:00,8.6,100,15.3,45.5152,-122.67739999999999
230,2024-11-01T14:00,8.3,100,11.7,45.5152,-122.67739999999999
231,2024-11-01T15:00,7.3,100,15.5,45.5152,-122.67739999999999
232,2024-11-01T16:00,7.2,100,14.1,45.5152,-122.67739999999999
233,2024-11-01T17:00,6.9,100,11.9,45.5152,-122.67739999999999
234,2024-11-01T18:00,7.1,100,7.2,45.5152,-122.67739999999999
235,2024-11-01T19:00,7.0,100,6.0,45.5152,-122.67739999999999
236,2024-11-01T20:00,7.2,100,6.1,45.5152,-122.67739999999999
237,2024-11-01T21:00,7.7,100,6.5,45.5152,-122.67739999999999
238,2024-11-01T22:00,8.2,100,5.8,45.5152,-122.67739999999999
239,2024-11-01T23:00,8.3,100,4.3,45.5152,-122.67739999999999
240,2024-11-02T00:00,8.7,100,3.6,45.5152,-122.67739999999999
241,2024-11-02T01:00,8.6,100,3.7,45.5152,-122.67739999999999
242,2024-11-02T02:00,8.4,100,3.8,45.5152,-122.67739999999999
243,2024-11-02T03:00,8.4,100,4.7,45.5152,-122.67739999999999
244,2024-11-02T04:00,8.7,100,9.4,45.5152,-122.67739999999999
245,2024-11-02T05:00,8.8,100,8.1,45.5152,-122.67739999999999
246,2024-11-02T06:00,8.7,100,5.4,45.5152,-122.67739999999999
247,2024-11-02T07:00,8.4,98,6.0,45.5152,-122.67739999999999
248,2024-11-02T08:00,8.6,100,4.8,45.5152,-122.67739999999999
249,2024-11-02T09:00,8.6,100,5.1,45.5152,-122.67739999999999
250,2024-11-02T10:00,8.4,100,5.1,45.5152,-122.67739999999999
251,2024-11-02T11:00,7.2,14,4.3,45.5152,-122.67739999999999
252,2024-11-02T12:00,6.8,9,3.1,45.5152,-122.67739999999999
253,2024-11-02T13:00,6.6,8,2.4,45.5152,-122.67739999999999
254,2024-11-02T14:00,6.4,62,1.6,45.5152,-122.67739999999999
255,2024-11-02T15:00,7.2,100,1.9,45.5152,-122.67739999999999
256,2024-11-02T16:00,7.4,100,3.3,45.5152,-122.67739999999999
257,2024-11-02T17:00,7.8,100,4.7,45.5152,-122.67739999999999
258,2024-11-02T18:00,8.6,97,5.9,45.5152,-122.67739999999999
259,2024-11-02T19:00,9.5,98,6.9,45.5152,-122.67739999999999
260,2024-11-02T20:00,10.9,61,8.1,45.5152,-122.67739999999999
261,2024-11-02T21:00,10.6,100,8.2,45.5152,-122.67739999999999
262,2024-11-02T22:00,10.7,100,6.0,45.5152,-122.67739999999999
263,2024-11-02T23:00,10.9,100,4.7,45.5152,-122.67739999999999
264,2024-11-03T00:00,10.2,100,3.4,45.5152,-122.67739999999999
265,2024-11-03T01:00,9.4,100,7.1,45.5152,-122.67739999999999
266,2024-11-03T02:00,9.7,100,3.3,45.5152,-122.67739999999999
267,2024-11-03T03:00,9.1,100,3.4,45.5152,-122.67739999999999
268,2024-11-03T04:00,8.9,100,4.9,45.5152,-122.67739999999999
269,2024-11-03T05:00,8.7,100,5.2,45.5152,-122.67739999999999
270,2024-11-03T06:00,8.7,100,3.6,45.5152,-122.67739999999999
271,2024-11-03T07:00,8.8,100,7.2,45.5152,-122.67739999999999
272,2024-11-03T08:00,8.5,100,8.9,45.5152,-122.67739999999999
273,2024-11-03T09:00,8.5,100,10.2,45.5152,-122.67739999999999
274,2024-11-03T10:00,8.5,100,9.6,45.5152,-122.67739999999999
275,2024-11-03T11:00,8.5,100,7.2,45.5152,-122.67739999999999
276,2024-11-03T12:00,8.3,100,5.2,45.5152,-122.67739999999999
277,2024-11-03T13:00,8.4,100,4.4,45.5152,-122.67739999999999
278,2024-11-03T14:00,8.4,100,4.9,45.5152,-122.67739999999999
279,2024-11-03T15:00,8.5,100,2.5,45.5152,-122.67739999999999
280,2024-11-03T16:00,8.5,73,1.8,45.5152,-122.67739999999999
281,2024-11-03T17:00,9.5,77,4.3,45.5152,-122.67739999999999
282,2024-11-03T18:00,10.3,100,7.0,45.5152,-122.67739999999999
283,2024-11-03T19:00,10.8,100,9.5,45.5152,-122.67739999999999
284,2024-11-03T20:00,12.4,24,12.9,45.5152,-122.67739999999999
285,2024-11-03T21:00,12.7,52,13.1,45.5152,-122.67739999999999
286,2024-11-03T22:00,12.6,100,12.5,45.5152,-122.67739999999999
287,2024-11-03T23:00,12.8,14,12.4,45.5152,-122.67739999999999
288,2024-11-04T00:00,11.9,12,12.6,45.5152,-122.67739999999999
289,2024-11-04T01:00,10.4,7,7.8,45.5152,-122.67739999999999
290,2024-11-04T02:00,9.8,22,6.5,45.5152,-122.67739999999999
291,2024-11-04T03:00,9.3,68,5.8,45.5152,-122.67739999999999
292,2024-11-04T04:00,8.9,82,4.1,45.5152,-122.67739999999999
293,2024-11-04T05:00,9.1,83,3.3,45.5152,-122.67739999999999
294,2024-11-04T06:00,8.5,91,1.1,45.5152,-122.67739999999999
295,2024-11-04T07:00,8.5,92,1.0,45.5152,-122.67739999999999
296,2024-11-04T08:00,8.6,93,1.1,45.5152,-122.67739999999999
297,2024-11-04T09:00,8.6,94,1.4,45.5152,-122.67739999999999
298,2024-11-04T10:00,8.3,92,2.2,45.5152,-122.67739999999999
299,2024-11-04T11:00,7.8,89,3.0,45.5152,-122.67739999999999
300,2024-11-04T12:00,7.5,87,3.3,45.5152,-122.67739999999999
301,2024-11-04T13:00,7.1,77,2.6,45.5152,-122.67739999999999
302,2024-11-04T14:00,6.8,66,1.8,45.5152,-122.67739999999999
303,2024-11-04T15:00,6.9,56,0.8,45.5152,-122.67739999999999
304,2024-11-04T16:00,7.6,54,1.8,45.5152,-122.67739999999999
305,2024-11-04T17:00,8.8,53,3.6,45.5152,-122.67739999999999
306,2024-11-04T18:00,9.9,51,4.7,45.5152,-122.67739999999999
307,2024-11-04T19:00,10.8,64,5.0,45.5152,-122.67739999999999
308,2024-11-04T20:00,11.6,78,5.2,45.5152,-122.67739999999999
309,2024-11-04T21:00,12.0,91,5.4,45.5152,-122.67739999999999
310,2024-11-04T22:00,11.9,94,5.7,45.5152,-122.67739999999999
311,2024-11-04T23:00,11.4,97,6.3,45.5152,-122.67739999999999
312,2024-11-05T00:00,11.0,100,6.3,45.5152,-122.67739999999999
313,2024-11-05T01:00,10.8,100,5.4,45.5152,-122.67739999999999
314,2024-11-05T02:00,10.7,100,4.5,45.5152,-122.67739999999999
315,2024-11-05T03:00,10.6,100,4.6,45.5152,-122.67739999999999
316,2024-11-05T04:00,10.4,100,4.6,45.5152,-122.67739999999999
317,2024-11-05T05:00,10.3,100,5.0,45.5152,-122.67739999999999
318,2024-11-05T06:00,10.2,100,5.4,45.5152,-122.67739999999999
319,2024-11-05T07:00,10.1,100,6.1,45.5152,-122.67739999999999
320,2024-11-05T08:00,10.0,100,7.2,45.5152,-122.67739999999999
321,2024-11-05T09:00,9.9,100,7.2,45.5152,-122.67739999999999
322,2024-11-05T10:00,9.8,100,6.2,45.5152,-122.67739999999999
323,2024-11-05T11:00,9.7,100,4.8,45.5152,-122.67739999999999
324,2024-11-05T12:00,9.7,100,3.9,45.5152,-122.67739999999999
325,2024-11-05T13:00,9.7,100,5.0,45.5152,-122.67739999999999
326,2024-11-05T14:00,9.7,99,7.6,45.5152,-122.67739999999999
327,2024-11-05T15:00,9.8,99,9.8,45.5152,-122.67739999999999
328,2024-11-05T16:00,9.8,85,10.9,45.5152,-122.67739999999999
329,2024-11-05T17:00,9.8,71,11.7,45.5152,-122.67739999999999
330,2024-11-05T18:00,9.9,57,12.3,45.5152,-122.67739999999999
331,2024-11-05T19:00,10.4,60,13.2,45.5152,-122.67739999999999
332,2024-11-05T20:00,11.1,64,15.2,45.5152,-122.67739999999999
333,2024-11-05T21:00,11.5,67,16.4,45.5152,-122.67739999999999
334,2024-11-05T22:00,11.5,57,16.2,45.5152,-122.67739999999999
335,2024-11-05T23:00,11.3,46,15.0,45.5152,-122.67739999999999
336,2024-10-30T00:00,11.6,100,3.1,45.5152,-122.6794
337,2024-10-30T01:00,11.1,100,1.3,45.5152,-122.6794
338,2024-10-30T02:00,10.3,41,2.2,45.5152,-122.6794
339,2024-10-30T03:00,9.2,1,6.0,45.5152,-122.6794
340,2024-10-30T04:00,8.3,0,5.5,45.5152,-122.6794
341,2024-10-30T05:00,7.8,48,4.0,45.5152,-122.6794
342,2024-10-30T06:00,6.8,15,8.1,45.5152,-122.6794
343,2024-10-30T07:00,6.6,82,6.2,45.5152,-122.6794
344,2024-10-30T08:00,6.6,99,6.3,45.5152,-122.6794
345,2024-10-30T09:00,6.8,57,10.1,45.5152,-122.6794
346,2024-10-30T10:00,6.4,39,8.2,45.5152,-122.6794
347,2024-10-30T11:00,6.7,91,8.2,45.5152,-122.6794
348,2024-10-30T12:00,6.8,99,5.5,45.5152,-122.6794
349,2024-10-30T13:00,6.5,67,6.1,45.5152,-122.6794
350,2024-10-30T14:00,6.7,99,6.7,45.5152,-122.6794
351,2024-10-30T15:00,6.4,3,7.1,45.5152,-122.6794
352,2024-10-30T16:00,7.2,99,7.6,45.5152,-122.6794
353,2024-10-30T17:00,7.5,100,6.5,45.5152,-122.6794
354,2024-10-30T18:00,8.4,100,10.8,45.5152,-122.6794
355,2024-10-30T19:00,8.7,100,10.9,45.5152,-122.6794
356,2024-10-30T20:00,8.6,100,11.6,45.5152,-122.6794
357,2024-10-30T21:00,9.1,100,21.1,45.5152,-122.6794
358,2024-10-30T22:00,9.2,100,13.3,45.5152,-122.6794
359,2024-10-30T23:00,8.5,100,15.8,45.5152,-122.6794
360,2024-10-31T00:00,7.8,100,15.2,45.5152,-122.6794
361,2024-10-31T01:00,6.7,90,14.0,45.5152,-122.6794
362,2024-10-31T02:00,6.3,100,17.4,45.5152,-122.6794
363,2024-10-31T03:00,6.1,100,16.6,45.5152,-122.6794
364,2024-10-31T04:00,6.0,36,14.5,45.5152,-122.6794
365,2024-10-31T05:00,6.1,55,14.2,45.5152,-122.6794
366,2024-10-31T06:00,6.0,100,14.0,45.5152,-122.6794
367,2024-10-31T07:00,6.1,77,15.7,45.5152,-122.6794
368,2024-10-31T08:00,5.9,100,14.8,45.5152,-122.6794
369,2024-10-31T09:00,6.1,100,18.2,45.5152,-122.6794
370,2024-10-31T10:00,6.0,100,18.0,45.5152,-122.6794
371,2024-10-31T11:00,6.0,93,16.4,45.5152,-122.6794
372,2024-10-31T12:00,6.1,84,14.7,45.5152,-122.6794
373,2024-10-31T13:00,6.4,100,17.9,45.5152,-122.6794
374,2024-10-31T14:00,6.3,100,20.1,45.5152,-122.6794
375,2024-10-31T15:00,6.2,100,12.0,45.5152,-122.6794
376,2024-10-31T16:00,6.6,100,9.8,45.5152,-122.6794
377,2024-10-31T17:00,7.5,100,11.9,45.5152,-122.6794
378,2024-10-31T18:00,8.4,100,19.7,45.5152,-122.6794
379,2024-10-31T19:00,9.2,100,19.9,45.5152,-122.6794
380,2024-10-31T20:00,10.0,100,19.2,45.5152,-122.6794
381,2024-10-31T21:00,10.0,100,18.8,45.5152,-122.6794
382,2024-10-31T22:00,9.8,100,15.8,45.5152,-122.6794
383,2024-10-31T23:00,10.6,100,17.1,45.5152,-122.6794
384,2024-11-01T00:00,9.6,100,20.7,45.5152,-122.6794
385,2024-11-01T01:00,8.9,100,19.7,45.5152,-122.6794
386,2024-11-01T02:00,8.7,100,15.3,45.5152,-122.6794
387,2024-11-01T03:00,8.7,100,17.1,45.5152,-122.6794
388,2024-11-01T04:00,8.1,100,18.4,45.5152,-122.6794
389,2024-11-01T05:00,8.4,100,20.4,45.5152,-122.6794
390,2024-11-01T06:00,8.4,100,18.6,45.5152,-122.6794
391,2024-11-01T07:00,8.5,100,22.2,45.5152,-122.6794
392,2024-11-01T08:00,8.5,100,13.3,45.5152,-122.6794
393,2024-11-01T09:00,9.0,100,16.4,45.5152,-122.6794
394,2024-11-01T10:00,9.4,100,16.4,45.5152,-122.6794
395,2024-11-01T11:00,9.0,100,15.6,45.5152,-122.6794
396,2024-11-01T12:00,9.1,100,11.2,45.5152,-122.6794
397,2024-11-01T13:00,8.7,100,15.3,45.5152,-122.6794
398,2024-11-01T14:00,8.4,100,11.7,45.5152,-122.6794
399,2024-11-01T15:00,7.3,100,15.5,45.5152,-122.6794
400,2024-11-01T16:00,7.3,100,14.1,45.5152,-122.6794
401,2024-11-01T17:00,6.9,100,11.9,45.5152,-122.6794
402,2024-11-01T18:00,7.1,100,7.2,45.5152,-122.6794
403,2024-11-01T19:00,7.0,100,6.0,45.5152,-122.6794
404,2024-11-01T20:00,7.2,100,6.1,45.5152,-122.6794
405,2024-11-01T21:00,7.8,100,6.5,45.5152,-122.6794
406,2024-11-01T22:00,8.2,100,5.8,45.5152,-122.6794
407,2024-11-01T23:00,8.4,100,4.3,45.5152,-122.6794
408,2024-11-02T00:00,8.8,100,3.6,45.5152,-122.6794
409,2024-11-02T01:00,8.7,100,3.7,45.5152,-122.6794
410,2024-11-02T02:00,8.4,100,3.8,45.5152,-122.6794
411,2024-11-02T03:00,8.4,100,4.7,45.5152,-122.6794
412,2024-11-02T04:00,8.7,100,9.4,45.5152,-122.6794
413,2024-11-02T05:00,8.9,100,8.1,45.5152,-122.6794
414,2024-11-02T06:00,8.8,100,5.4,45.5152,-122.6794
415,2024-11-02T07:00,8.5,98,6.0,45.5152,-122.6794
416,2024-11-02T08:00,8.6,100,4.8,45.5152,-122.6794
417,2024-11-02T09:00,8.7,100,5.1,45.5152,-122.6794
418,2024-11-02T10:00,8.4,100,5.1,45.5152,-122.6794
419,2024-11-02T11:00,7.3,14,4.3,45.5152,-122.6794
420,2024-11-02T12:00,6.8,9,3.1,45.5152,-122.6794
421,2024-11-02T13:00,6.6,8,2.4,45.5152,-122.6794
422,2024-11-02T14:00,6.5,62,1.6,45.5152,-122.6794
423,2024-11-02T15:00,7.2,100,1.9,45.5152,-122.6794
424,2024-11-02T16:00,7.5,100,3.3,45.5152,-122.6794
425,2024-11-02T17:00,7.9,100,4.7,45.5152,-122.6794
426,2024-11-02T18:00,8.6,97,5.9,45.5152,-122.6794
427,2024-11-02T19:00,9.6,98,6.9,45.5152,-122.6794
428,2024-11-02T20:00,11.0,61,8.1,45.5152,-122.6794
429,2024-11-02T21:00,10.6,100,8.2,45.5152,-122.6794
430,2024-11-02T22:00,10.8,100,6.0,45.5152,-122.6794
431,2024-11-02T23:00,10.9,100,4.7,45.5152,-122.6794
432,2024-11-03T00:00,10.3,100,3.4,45.5152,-122.6794
433,2024-11-03T01:00,9.4,100,7.1,45.5152,-122.6794
434,2024-11-03T02:00,9.7,100,3.3,45.5152,-122.6794
435,2024-11-03T03:00,9.2,100,3.4,45.5152,-122.6794
436,2024-11-03T04:00,9.0,100,4.9,45.5152,-122.6794
437,2024-11-03T05:00,8.7,100,5.2,45.5152,-122.6794
438,2024-11-03T06:00,8.7,100,3.6,45.5152,-122.6794
439,2024-11-03T07:00,8.8,100,7.2,45.5152,-122.6794
440,2024-11-03T08:00,8.6,100,8.9,45.5152,-122.6794
441,2024-11-03T09:00,8.6,100,10.2,45.5152,-122.6794
442,2024-11-03T10:00,8.6,100,9.6,45.5152,-122.6794
443,2024-11-03T11:00,8.5,100,7.2,45.5152,-122.6794
444,2024-11-03T12:00,8.4,100,5.2,45.5152,-122.6794
445,2024-11-03T13:00,8.4,100,4.4,45.5152,-122.6794
446,2024-11-03T14:00,8.5,100,4.9,45.5152,-122.6794
447,2024-11-03T15:00,8.5,100,2.5,45.5152,-122.6794
448,2024-11-03T16:00,8.6,73,1.8,45.5152,-122.6794
449,2024-11-03T17:00,9.6,77,4.3,45.5152,-122.6794
450,2024-11-03T18:00,10.3,100,7.0,45.5152,-122.6794
451,2024-11-03T19:00,10.8,100,9.5,45.5152,-122.6794
452,2024-11-03T20:00,12.4,24,12.9,45.5152,-122.6794
453,2024-11-03T21:00,12.8,52,13.1,45.5152,-122.6794
454,2024-11-03T22:00,12.6,100,12.5,45.5152,-122.6794
455,2024-11-03T23:00,12.8,14,12.4,45.5152,-122.6794
456,2024-11-04T00:00,11.9,12,12.6,45.5152,-122.6794
457,2024-11-04T01:00,10.5,7,7.8,45.5152,-122.6794
458,2024-11-04T02:00,9.8,22,6.5,45.5152,-122.6794
459,2024-11-04T03:00,9.4,68,5.8,45.5152,-122.6794
460,2024-11-04T04:00,9.0,82,4.1,45.5152,-122.6794
461,2024-11-04T05:00,9.1,83,3.3,45.5152,-122.6794
462,2024-11-04T06:00,8.6,91,1.1,45.5152,-122.6794
463,2024-11-04T07:00,8.6,92,1.0,45.5152,-122.6794
464,2024-11-04T08:00,8.7,93,1.1,45.5152,-122.6794
465,2024-11-04T09:00,8.6,94,1.4,45.5152,-122.6794
466,2024-11-04T10:00,8.3,92,2.2,45.5152,-122.6794
467,2024-11-04T11:00,7.9,89,3.0,45.5152,-122.6794
468,2024-11-04T12:00,7.5,87,3.3,45.5152,-122.6794
469,2024-11-04T13:00,7.2,77,2.6,45.5152,-122.6794
470,2024-11-04T14:00,6.8,66,1.8,45.5152,-122.6794
471,2024-11-04T15:00,6.9,56,0.8,45.5152,-122.6794
472,2024-11-04T16:00,7.7,54,1.8,45.5152,-122.6794
473,2024-11-04T17:00,8.9,53,3.6,45.5152,-122.6794
474,2024-11-04T18:00,9.9,51,4.7,45.5152,-122.6794
475,2024-11-04T19:00,10.8,64,5.0,45.5152,-122.6794
476,2024-11-04T20:00,11.6,78,5.2,45.5152,-122.6794
477,2024-11-04T21:00,12.1,91,5.4,45.5152,-122.6794
478,2024-11-04T22:00,12.0,94,5.7,45.5152,-122.6794
479,2024-11-04T23:00,11.5,97,6.3,45.5152,-122.6794
480,2024-11-05T00:00,11.1,100,6.3,45.5152,-122.6794
481,2024-11-05T01:00,10.9,100,5.4,45.5152,-122.6794
482,2024-11-05T02:00,10.7,100,4.5,45.5152,-122.6794
483,2024-11-05T03:00,10.6,100,4.6,45.5152,-122.6794
484,2024-11-05T04:00,10.5,100,4.6,45.5152,-122.6794
485,2024-11-05T05:00,10.4,100,5.0,45.5152,-122.6794
486,2024-11-05T06:00,10.3,100,5.4,45.5152,-122.6794
487,2024-11-05T07:00,10.2,100,6.1,45.5152,-122.6794
488,2024-11-05T08:00,10.1,100,7.2,45.5152,-122.6794
489,2024-11-05T09:00,10.0,100,7.2,45.5152,-122.6794
490,2024-11-05T10:00,9.9,100,6.2,45.5152,-122.6794
491,2024-11-05T11:00,9.8,100,4.8,45.5152,-122.6794
492,2024-11-05T12:00,9.7,100,3.9,45.5152,-122.6794
493,2024-11-05T13:00,9.7,100,5.0,45.5152,-122.6794
494,2024-11-05T14:00,9.8,99,7.6,45.5152,-122.6794
495,2024-11-05T15:00,9.8,99,9.8,45.5152,-122.6794
496,2024-11-05T16:00,9.8,85,10.9,45.5152,-122.6794
497,2024-11-05T17:00,9.8,71,11.7,45.5152,-122.6794
498,2024-11-05T18:00,10.0,57,12.3,45.5152,-122.6794
499,2024-11-05T19:00,10.5,60,13.2,45.5152,-122.6794
500,2024-11-05T20:00,11.2,64,15.2,45.5152,-122.6794
501,2024-11-05T21:00,11.6,67,16.4,45.5152,-122.6794
502,2024-11-05T22:00,11.6,57,16.2,45.5152,-122.6794
503,2024-11-05T23:00,11.4,46,15.0,45.5152,-122.6794
504,2024-10-30T00:00,11.6,100,3.1,45.5162,-122.6784
505,2024-10-30T01:00,11.1,100,1.3,45.5162,-122.6784
506,2024-10-30T02:00,10.3,41,2.2,45.5162,-122.6784
507,2024-10-30T03:00,9.2,1,6.0,45.5162,-122.6784
508,2024-10-30T04:00,8.3,0,5.5,45.5162,-122.6784
509,2024-10-30T05:00,7.8,48,4.0,45.5162,-122.6784
510,2024-10-30T06:00,6.8,15,8.1,45.5162,-122.6784
511,2024-10-30T07:00,6.6,82,6.2,45.5162,-122.6784
512,2024-10-30T08:00,6.6,99,6.3,45.5162,-122.6784
513,2024-10-30T09:00,6.8,57,10.1,45.5162,-122.6784
514,2024-10-30T10:00,6.4,39,8.2,45.5162,-122.6784
515,2024-10-30T11:00,6.7,91,8.2,45.5162,-122.6784
516,2024-10-30T12:00,6.8,99,5.5,45.5162,-122.6784
517,2024-10-30T13:00,6.5,67,6.1,45.5162,-122.6784
518,2024-10-30T14:00,6.7,99,6.7,45.5162,-122.6784
519,2024-10-30T15:00,6.4,3,7.1,45.5162,-122.6784
520,2024-10-30T16:00,7.2,99,7.6,45.5162,-122.6784
521,2024-10-30T17:00,7.5,100,6.5,45.5162,-122.6784
522,2024-10-30T18:00,8.4,100,10.8,45.5162,-122.6784
523,2024-10-30T19:00,8.7,100,10.9,45.5162,-122.6784
524,2024-10-30T20:00,8.6,100,11.6,45.5162,-122.6784
525,2024-10-30T21:00,9.1,100,21.1,45.5162,-122.6784
526,2024-10-30T22:00,9.2,100,13.3,45.5162,-122.6784
527,2024-10-30T23:00,8.5,100,15.8,45.5162,-122.6784
528,2024-10-31T00:00,7.8,100,15.2,45.5162,-122.6784
529,2024-10-31T01:00,6.7,90,14.0,45.5162,-122.6784
530,2024-10-31T02:00,6.3,100,17.4,45.5162,-122.6784
531,2024-10-31T03:00,6.1,100,16.6,45.5162,-122.6784
532,2024-10-31T04:00,6.0,36,14.5,45.5162,-122.6784
533,2024-10-31T05:00,6.1,55,14.2,45.5162,-122.6784
534,2024-10-31T06:00,6.0,100,14.0,45.5162,-122.6784
535,2024-10-31T07:00,6.1,77,15.7,45.5162,-122.6784
536,2024-10-31T08:00,5.9,100,14.8,45.5162,-122.6784
537,2024-10-31T09:00,6.1,100,18.2,45.5162,-122.6784
538,2024-10-31T10:00,6.0,100,18.0,45.5162,-122.6784
539,2024-10-31T11:00,6.0,93,16.4,45.5162,-122.6784
540,2024-10-31T12:00,6.1,84,14.7,45.5162,-122.6784
541,2024-10-31T13:00,6.4,100,17.9,45.5162,-122.6784
542,2024-10-31T14:00,6.3,100,20.1,45.5162,-122.6784
543,2024-10-31T15:00,6.2,100,12.0,45.5162,-122.6784
544,2024-10-31T16:00,6.6,100,9.8,45.5162,-122.6784
545,2024-10-31T17:00,7.5,100,11.9,45.5162,-122.6784
546,2024-10-31T18:00,8.4,100,19.7,45.5162,-122.6784
547,2024-10-31T19:00,9.2,100,19.9,45.5162,-122.6784
548,2024-10-31T20:00,10.0,100,19.2,45.5162,-122.6784
549,2024-10-31T21:00,10.0,100,18.8,45.5162,-122.6784
550,2024-10-31T22:00,9.8,100,15.8,45.5162,-122.6784
551,2024-10-31T23:00,10.6,100,17.1,45.5162,-122.6784
552,2024-11-01T00:00,9.6,100,20.7,45.5162,-122.6784
553,2024-11-01T01:00,8.9,100,19.7,45.5162,-122.6784
554,2024-11-01T02:00,8.7,100,15.3,45.5162,-122.6784
555,2024-11-01T03:00,8.7,100,17.1,45.5162,-122.6784
556,2024-11-01T04:00,8.1,100,18.4,45.5162,-122.6784
557,2024-11-01T05:00,8.4,100,20.4,45.5162,-122.6784
558,2024-11-01T06:00,8.4,100,18.6,45.5162,-122.6784
559,2024-11-01T07:00,8.5,100,22.2,45.5162,-122.6784
560,2024-11-01T08:00,8.5,100,13.3,45.5162,-122.6784
561,2024-11-01T09:00,9.0,100,16.4,45.5162,-122.6784
562,2024-11-01T10:00,9.4,100,16.4,45.5162,-122.6784
563,2024-11-01T11:00,9.0,100,15.6,45.5162,-122.6784
564,2024-11-01T12:00,9.1,100,11.2,45.5162,-122.6784
565,2024-11-01T13:00,8.7,100,15.3,45.5162,-122.6784
566,2024-11-01T14:00,8.4,100,11.7,45.5162,-122.6784
567,2024-11-01T15:00,7.3,100,15.5,45.5162,-122.6784
568,2024-11-01T16:00,7.3,100,14.1,45.5162,-122.6784
569,2024-11-01T17:00,6.9,100,11.9,45.5162,-122.6784
570,2024-11-01T18:00,7.1,100,7.2,45.5162,-122.6784
571,2024-11-01T19:00,7.0,100,6.0,45.5162,-122.6784
572,2024-11-01T20:00,7.2,100,6.1,45.5162,-122.6784
573,2024-11-01T21:00,7.8,100,6.5,45.5162,-122.6784
574,2024-11-01T22:00,8.2,100,5.8,45.5162,-122.6784
575,2024-11-01T23:00,8.4,100,4.3,45.5162,-122.6784
576,2024-11-02T00:00,8.8,100,3.6,45.5162,-122.6784
577,2024-11-02T01:00,8.7,100,3.7,45.5162,-122.6784
578,2024-11-02T02:00,8.4,100,3.8,45.5162,-122.6784
579,2024-11-02T03:00,8.4,100,4.7,45.5162,-122.6784
580,2024-11-02T04:00,8.7,100,9.4,45.5162,-122.6784
581,2024-11-02T05:00,8.9,100,8.1,45.5162,-122.6784
582,2024-11-02T06:00,8.8,100,5.4,45.5162,-122.6784
583,2024-11-02T07:00,8.5,98,6.0,45.5162,-122.6784
584,2024-11-02T08:00,8.6,100,4.8,45.5162,-122.6784
585,2024-11-02T09:00,8.7,100,5.1,45.5162,-122.6784
586,2024-11-02T10:00,8.4,100,5.1,45.5162,-122.6784
587,2024-11-02T11:00,7.3,14,4.3,45.5162,-122.6784
588,2024-11-02T12:00,6.8,9,3.1,45.5162,-122.6784
589,2024-11-02T13:00,6.6,8,2.4,45.5162,-122.6784
590,2024-11-02T14:00,6.5,62,1.6,45.5162,-122.6784
591,2024-11-02T15:00,7.2,100,1.9,45.5162,-122.6784
592,2024-11-02T16:00,7.5,100,3.3,45.5162,-122.6784
593,2024-11-02T17:00,7.9,100,4.7,45.5162,-122.6784
594,2024-11-02T18:00,8.6,97,5.9,45.5162,-122.6784
595,2024-11-02T19:00,9.6,98,6.9,45.5162,-122.6784
596,2024-11-02T20:00,11.0,61,8.1,45.5162,-122.6784
597,2024-11-02T21:00,10.6,100,8.2,45.5162,-122.6784
598,2024-11-02T22:00,10.8,100,6.0,45.5162,-122.6784
599,2024-11-02T23:00,10.9,100,4.7,45.5162,-122.6784
600,2024-11-03T00:00,10.3,100,3.4,45.5162,-122.6784
601,2024-11-03T01:00,9.4,100,7.1,45.5162,-122.6784
602,2024-11-03T02:00,9.7,100,3.3,45.5162,-122.6784
603,2024-11-03T03:00,9.2,100,3.4,45.5162,-122.6784
604,2024-11-03T04:00,9.0,100,4.9,45.5162,-122.6784
605,2024-11-03T05:00,8.7,100,5.2,45.5162,-122.6784
606,2024-11-03T06:00,8.7,100,3.6,45.5162,-122.6784
607,2024-11-03T07:00,8.8,100,7.2,45.5162,-122.6784
608,2024-11-03T08:00,8.6,100,8.9,45.5162,-122.6784
609,2024-11-03T09:00,8.6,100,10.2,45.5162,-122.6784
610,2024-11-03T10:00,8.6,100,9.6,45.5162,-122.6784
611,2024-11-03T11:00,8.5,100,7.2,45.5162,-122.6784
612,2024-11-03T12:00,8.4,100,5.2,45.5162,-122.6784
613,2024-11-03T13:00,8.4,100,4.4,45.5162,-122.6784
614,2024-11-03T14:00,8.5,100,4.9,45.5162,-122.6784
615,2024-11-03T15:00,8.5,100,2.5,45.5162,-122.6784
616,2024-11-03T16:00,8.6,73,1.8,45.5162,-122.6784
617,2024-11-03T17:00,9.6,77,4.3,45.5162,-122.6784
618,2024-11-03T18:00,10.3,100,7.0,45.5162,-122.6784
619,2024-11-03T19:00,10.8,100,9.5,45.5162,-122.6784
620,2024-11-03T20:00,12.4,24,12.9,45.5162,-122.6784
621,2024-11-03T21:00,12.8,52,13.1,45.5162,-122.6784
622,2024-11-03T22:00,12.6,100,12.5,45.5162,-122.6784
623,2024-11-03T23:00,12.8,14,12.4,45.5162,-122.6784
624,2024-11-04T00:00,11.9,12,12.6,45.5162,-122.6784
625,2024-11-04T01:00,10.5,7,7.8,45.5162,-122.6784
626,2024-11-04T02:00,9.8,22,6.5,45.5162,-122.6784
627,2024-11-04T03:00,9.4,68,5.8,45.5162,-122.6784
628,2024-11-04T04:00,9.0,82,4.1,45.5162,-122.6784
629,2024-11-04T05:00,9.1,83,3.3,45.5162,-122.6784
630,2024-11-04T06:00,8.6,91,1.1,45.5162,-122.6784
631,2024-11-04T07:00,8.6,92,1.0,45.5162,-122.6784
632,2024-11-04T08:00,8.7,93,1.1,45.5162,-122.6784
633,2024-11-04T09:00,8.6,94,1.4,45.5162,-122.6784
634,2024-11-04T10:00,8.3,92,2.2,45.5162,-122.6784
635,2024-11-04T11:00,7.9,89,3.0,45.5162,-122.6784
636,2024-11-04T12:00,7.5,87,3.3,45.5162,-122.6784
637,2024-11-04T13:00,7.2,77,2.6,45.5162,-122.6784
638,2024-11-04T14:00,6.8,66,1.8,45.5162,-122.6784
639,2024-11-04T15:00,6.9,56,0.8,45.5162,-122.6784
640,2024-11-04T16:00,7.7,54,1.8,45.5162,-122.6784
641,2024-11-04T17:00,8.9,53,3.6,45.5162,-122.6784
642,2024-11-04T18:00,9.9,51,4.7,45.5162,-122.6784
643,2024-11-04T19:00,10.8,64,5.0,45.5162,-122.6784
644,2024-11-04T20:00,11.6,78,5.2,45.5162,-122.6784
645,2024-11-04T21:00,12.1,91,5.4,45.5162,-122.6784
646,2024-11-04T22:00,12.0,94,5.7,45.5162,-122.6784
647,2024-11-04T23:00,11.5,97,6.3,45.5162,-122.6784
648,2024-11-05T00:00,11.1,100,6.3,45.5162,-122.6784
649,2024-11-05T01:00,10.9,100,5.4,45.5162,-122.6784
650,2024-11-05T02:00,10.7,100,4.5,45.5162,-122.6784
651,2024-11-05T03:00,10.6,100,4.6,45.5162,-122.6784
652,2024-11-05T04:00,10.5,100,4.6,45.5162,-122.6784
653,2024-11-05T05:00,10.4,100,5.0,45.5162,-122.6784
654,2024-11-05T06:00,10.3,100,5.4,45.5162,-122.6784
655,2024-11-05T07:00,10.2,100,6.1,45.5162,-122.6784
656,2024-11-05T08:00,10.1,100,7.2,45.5162,-122.6784
657,2024-11-05T09:00,10.0,100,7.2,45.5162,-122.6784
658,2024-11-05T10:00,9.9,100,6.2,45.5162,-122.6784
659,2024-11-05T11:00,9.8,100,4.8,45.5162,-122.6784
660,2024-11-05T12:00,9.7,100,3.9,45.5162,-122.6784
661,2024-11-05T13:00,9.7,100,5.0,45.5162,-122.6784
662,2024-11-05T14:00,9.8,99,7.6,45.5162,-122.6784
663,2024-11-05T15:00,9.8,99,9.8,45.5162,-122.6784
664,2024-11-05T16:00,9.8,85,10.9,45.5162,-122.6784
665,2024-11-05T17:00,9.8,71,11.7,45.5162,-122.6784
666,2024-11-05T18:00,10.0,57,12.3,45.5162,-122.6784
667,2024-11-05T19:00,10.5,60,13.2,45.5162,-122.6784
668,2024-11-05T20:00,11.2,64,15.2,45.5162,-122.6784
669,2024-11-05T21:00,11.6,67,16.4,45.5162,-122.6784
670,2024-11-05T22:00,11.6,57,16.2,45.5162,-122.6784
671,2024-11-05T23:00,11.4,46,15.0,45.5162,-122.6784
672,2024-10-30T00:00,11.6,100,3.1,45.5162,-122.67739999999999
673,2024-10-30T01:00,11.1,100,1.3,45.5162,-122.67739999999999
674,2024-10-30T02:00,10.3,41,2.2,45.5162,-122.67739999999999
675,2024-10-30T03:00,9.1,1,6.0,45.5162,-122.67739999999999
676,2024-10-30T04:00,8.3,0,5.5,45.5162,-122.67739999999999
677,2024-10-30T05:00,7.7,48,4.0,45.5162,-122.67739999999999
678,2024-10-30T06:00,6.7,15,8.1,45.5162,-122.67739999999999
679,2024-10-30T07:00,6.5,82,6.2,45.5162,-122.67739999999999
680,2024-10-30T08:00,6.5,99,6.3,45.5162,-122.67739999999999
681,2024-10-30T09:00,6.8,57,10.1,45.5162,-122.67739999999999
682,2024-10-30T10:00,6.3,39,8.2,45.5162,-122.67739999999999
683,2024-10-30T11:00,6.7,91,8.2,45.5162,-122.67739999999999
684,2024-10-30T12:00,6.8,99,5.5,45.5162,-122.67739999999999
685,2024-10-30T13:00,6.5,67,6.1,45.5162,-122.67739999999999
686,2024-10-30T14:00,6.6,99,6.7,45.5162,-122.67739999999999
687,2024-10-30T15:00,6.3,3,7.1,45.5162,-122.67739999999999
688,2024-10-30T16:00,7.2,99,7.6,45.5162,-122.67739999999999
689,2024-10-30T17:00,7.4,100,6.5,45.5162,-122.67739999999999
690,2024-10-30T18:00,8.4,100,10.8,45.5162,-122.67739999999999
691,2024-10-30T19:00,8.6,100,10.9,45.5162,-122.67739999999999
692,2024-10-30T20:00,8.6,100,11.6,45.5162,-122.67739999999999
693,2024-10-30T21:00,9.0,100,21.1,45.5162,-122.67739999999999
694,2024-10-30T22:00,9.2,100,13.3,45.5162,-122.67739999999999
695,2024-10-30T23:00,8.4,100,15.8,45.5162,-122.67739999999999
696,2024-10-31T00:00,7.8,100,15.2,45.5162,-122.67739999999999
697,2024-10-31T01:00,6.7,90,14.0,45.5162,-122.67739999999999
698,2024-10-31T02:00,6.2,100,17.4,45.5162,-122.67739999999999
699,2024-10-31T03:00,6.0,100,16.6,45.5162,-122.67739999999999
700,2024-10-31T04:00,6.0,36,14.5,45.5162,-122.67739999999999
701,2024-10-31T05:00,6.0,55,14.2,45.5162,-122.67739999999999
702,2024-10-31T06:00,6.0,100,14.0,45.5162,-122.67739999999999
703,2024-10-31T07:00,6.0,77,15.7,45.5162,-122.67739999999999
704,2024-10-31T08:00,5.9,100,14.8,45.5162,-122.67739999999999
705,2024-10-31T09:00,6.0,100,18.2,45.5162,-122.67739999999999
706,2024-10-31T10:00,5.9,100,18.0,45.5162,-122.67739999999999
707,2024-10-31T11:00,5.9,93,16.4,45.5162,-122.67739999999999
708,2024-10-31T12:00,6.0,84,14.7,45.5162,-122.67739999999999
709,2024-10-31T13:00,6.4,100,17.9,45.5162,-122.67739999999999
710,2024-10-31T14:00,6.3,100,20.1,45.5162,-122.67739999999999
711,2024-10-31T15:00,6.1,100,12.0,45.5162,-122.67739999999999
712,2024-10-31T16:00,6.6,100,9.8,45.5162,-122.67739999999999
713,2024-10-31T17:00,7.4,100,11.9,45.5162,-122.67739999999999
714,2024-10-31T18:00,8.4,100,19.7,45.5162,-122.67739999999999
715,2024-10-31T19:00,9.2,100,19.9,45.5162,-122.67739999999999
716,2024-10-31T20:00,9.9,100,19.2,45.5162,-122.67739999999999
717,2024-10-31T21:00,10.0,100,18.8,45.5162,-122.67739999999999
718,2024-10-31T22:00,9.7,100,15.8,45.5162,-122.67739999999999
719,2024-10-31T23:00,10.6,100,17.1,45.5162,-122.67739999999999
720,2024-11-01T00:00,9.6,100,20.7,45.5162,-122.67739999999999
721,2024-11-01T01:00,8.8,100,19.7,45.5162,-122.67739999999999
722,2024-11-01T02:00,8.7,100,15.3,45.5162,-122.67739999999999
723,2024-11-01T03:00,8.6,100,17.1,45.5162,-122.67739999999999
724,2024-11-01T04:00,8.1,100,18.4,45.5162,-122.67739999999999
725,2024-11-01T05:00,8.3,100,20.4,45.5162,-122.67739999999999
726,2024-11-01T06:00,8.4,100,18.6,45.5162,-122.67739999999999
727,2024-11-01T07:00,8.4,100,22.2,45.5162,-122.67739999999999
728,2024-11-01T08:00,8.5,100,13.3,45.5162,-122.67739999999999
729,2024-11-01T09:00,9.0,100,16.4,45.5162,-122.67739999999999
730,2024-11-01T10:00,9.3,100,16.4,45.5162,-122.67739999999999
731,2024-11-01T11:00,9.0,100,15.6,45.5162,-122.67739999999999
732,2024-11-01T12:00,9.0,100,11.2,45.5162,-122.67739999999999
733,2024-11-01T13:00,8.6,100,15.3,45.5162,-122.67739999999999
734,2024-11-01T14:00,8.3,100,11.7,45.5162,-122.67739999999999
735,2024-11-01T15:00,7.3,100,15.5,45.5162,-122.67739999999999
736,2024-11-01T16:00,7.2,100,14.1,45.5162,-122.67739999999999
737,2024-11-01T17:00,6.9,100,11.9,45.5162,-122.67739999999999
738,2024-11-01T18:00,7.1,100,7.2,45.5162,-122.67739999999999
739,2024-11-01T19:00,7.0,100,6.0,45.5162,-122.67739999999999
740,2024-11-01T20:00,7.2,100,6.1,45.5162,-122.67739999999999
741,2024-11-01T21:00,7.7,100,6.5,45.5162,-122.67739999999999
742,2024-11-01T22:00,8.2,100,5.8,45.5162,-122.67739999999999
743,2024-11-01T23:00,8.3,100,4.3,45.5162,-122.67739999999999
744,2024-11-02T00:00,8.7,100,3.6,45.5162,-122.67739999999999
745,2024-11-02T01:00,8.6,100,3.7,45.5162,-122.67739999999999
746,2024-11-02T02:00,8.4,100,3.8,45.5162,-122.67739999999999
747,2024-11-02T03:00,8.4,100,4.7,45.5162,-122.67739999999999
748,2024-11-02T04:00,8.7,100,9.4,45.5162,-122.67739999999999
749,2024-11-02T05:00,8.8,100,8.1,45.5162,-122.67739999999999
750,2024-11-02T06:00,8.7,100,5.4,45.5162,-122.67739999999999
751,2024-11-02T07:00,8.4,98,6.0,45.5162,-122.67739999999999
752,2024-11-02T08:00,8.6,100,4.8,45.5162,-122.67739999999999
753,2024-11-02T09:00,8.6,100,5.1,45.5162,-122.67739999999999
754,2024-11-02T10:00,8.4,100,5.1,45.5162,-122.67739999999999
755,2024-11-02T11:00,7.2,14,4.3,45.5162,-122.67739999999999
756,2024-11-02T12:00,6.8,9,3.1,45.5162,-122.67739999999999
757,2024-11-02T13:00,6.6,8,2.4,45.5162,-122.67739999999999
758,2024-11-02T14:00,6.4,62,1.6,45.5162,-122.67739999999999
759,2024-11-02T15:00,7.2,100,1.9,45.5162,-122.67739999999999
760,2024-11-02T16:00,7.4,100,3.3,45.5162,-122.67739999999999
761,2024-11-02T17:00,7.8,100,4.7,45.5162,-122.67739999999999
762,2024-11-02T18:00,8.6,97,5.9,45.5162,-122.67739999999999
763,2024-11-02T19:00,9.5,98,6.9,45.5162,-122.67739999999999
764,2024-11-02T20:00,10.9,61,8.1,45.5162,-122.67739999999999
765,2024-11-02T21:00,10.6,100,8.2,45.5162,-122.67739999999999
766,2024-11-02T22:00,10.7,100,6.0,45.5162,-122.67739999999999
767,2024-11-02T23:00,10.9,100,4.7,45.5162,-122.67739999999999
768,2024-11-03T00:00,10.2,100,3.4,45.5162,-122.67739999999999
769,2024-11-03T01:00,9.4,100,7.1,45.5162,-122.67739999999999
770,2024-11-03T02:00,9.7,100,3.3,45.5162,-122.67739999999999
771,2024-11-03T03:00,9.1,100,3.4,45.5162,-122.67739999999999
772,2024-11-03T04:00,8.9,100,4.9,45.5162,-122.67739999999999
773,2024-11-03T05:00,8.7,100,5.2,45.5162,-122.67739999999999
774,2024-11-03T06:00,8.7,100,3.6,45.5162,-122.67739999999999
775,2024-11-03T07:00,8.8,100,7.2,45.5162,-122.67739999999999
776,2024-11-03T08:00,8.5,100,8.9,45.5162,-122.67739999999999
777,2024-11-03T09:00,8.5,100,10.2,45.5162,-122.67739999999999
778,2024-11-03T10:00,8.5,100,9.6,45.5162,-122.67739999999999
779,2024-11-03T11:00,8.5,100,7.2,45.5162,-122.67739999999999
780,2024-11-03T12:00,8.3,100,5.2,45.5162,-122.67739999999999
781,2024-11-03T13:00,8.4,100,4.4,45.5162,-122.67739999999999
782,2024-11-03T14:00,8.4,100,4.9,45.5162,-122.67739999999999
783,2024-11-03T15:00,8.5,100,2.5,45.5162,-122.67739999999999
784,2024-11-03T16:00,8.5,73,1.8,45.5162,-122.67739999999999
785,2024-11-03T17:00,9.5,77,4.3,45.5162,-122.67739999999999
786,2024-11-03T18:00,10.3,100,7.0,45.5162,-122.67739999999999
787,2024-11-03T19:00,10.8,100,9.5,45.5162,-122.67739999999999
788,2024-11-03T20:00,12.4,24,12.9,45.5162,-122.67739999999999
789,2024-11-03T21:00,12.7,52,13.1,45.5162,-122.67739999999999
790,2024-11-03T22:00,12.6,100,12.5,45.5162,-122.67739999999999
791,2024-11-03T23:00,12.8,14,12.4,45.5162,-122.67739999999999
792,2024-11-04T00:00,11.9,12,12.6,45.5162,-122.67739999999999
793,2024-11-04T01:00,10.4,7,7.8,45.5162,-122.67739999999999
794,2024-11-04T02:00,9.8,22,6.5,45.5162,-122.67739999999999
795,2024-11-04T03:00,9.3,68,5.8,45.5162,-122.67739999999999
796,2024-11-04T04:00,8.9,82,4.1,45.5162,-122.67739999999999
797,2024-11-04T05:00,9.1,83,3.3,45.5162,-122.67739999999999
798,2024-11-04T06:00,8.5,91,1.1,45.5162,-122.67739999999999
799,2024-11-04T07:00,8.5,92,1.0,45.5162,-122.67739999999999
800,2024-11-04T08:00,8.6,93,1.1,45.5162,-122.67739999999999
801,2024-11-04T09:00,8.6,94,1.4,45.5162,-122.67739999999999
802,2024-11-04T10:00,8.3,92,2.2,45.5162,-122.67739999999999
803,2024-11-04T11:00,7.8,89,3.0,45.5162,-122.67739999999999
804,2024-11-04T12:00,7.5,87,3.3,45.5162,-122.67739999999999
805,2024-11-04T13:00,7.1,77,2.6,45.5162,-122.67739999999999
806,2024-11-04T14:00,6.8,66,1.8,45.5162,-122.67739999999999
807,2024-11-04T15:00,6.9,56,0.8,45.5162,-122.67739999999999
808,2024-11-04T16:00,7.6,54,1.8,45.5162,-122.67739999999999
809,2024-11-04T17:00,8.8,53,3.6,45.5162,-122.67739999999999
810,2024-11-04T18:00,9.9,51,4.7,45.5162,-122.67739999999999
811,2024-11-04T19:00,10.8,64,5.0,45.5162,-122.67739999999999
812,2024-11-04T20:00,11.6,78,5.2,45.5162,-122.67739999999999
813,2024-11-04T21:00,12.0,91,5.4,45.5162,-122.67739999999999
814,2024-11-04T22:00,11.9,94,5.7,45.5162,-122.67739999999999
815,2024-11-04T23:00,11.4,97,6.3,45.5162,-122.67739999999999
816,2024-11-05T00:00,11.0,100,6.3,45.5162,-122.67739999999999
817,2024-11-05T01:00,10.8,100,5.4,45.5162,-122.67739999999999
818,2024-11-05T02:00,10.7,100,4.5,45.5162,-122.67739999999999
819,2024-11-05T03:00,10.6,100,4.6,45.5162,-122.67739999999999
820,2024-11-05T04:00,10.4,100,4.6,45.5162,-122.67739999999999
821,2024-11-05T05:00,10.3,100,5.0,45.5162,-122.67739999999999
822,2024-11-05T06:00,10.2,100,5.4,45.5162,-122.67739999999999
823,2024-11-05T07:00,10.1,100,6.1,45.5162,-122.67739999999999
824,2024-11-05T08:00,10.0,100,7.2,45.5162,-122.67739999999999
825,2024-11-05T09:00,9.9,100,7.2,45.5162,-122.67739999999999
826,2024-11-05T10:00,9.8,100,6.2,45.5162,-122.67739999999999
827,2024-11-05T11:00,9.7,100,4.8,45.5162,-122.67739999999999
828,2024-11-05T12:00,9.7,100,3.9,45.5162,-122.67739999999999
829,2024-11-05T13:00,9.7,100,5.0,45.5162,-122.67739999999999
830,2024-11-05T14:00,9.7,99,7.6,45.5162,-122.67739999999999
831,2024-11-05T15:00,9.8,99,9.8,45.5162,-122.67739999999999
832,2024-11-05T16:00,9.8,85,10.9,45.5162,-122.67739999999999
833,2024-11-05T17:00,9.8,71,11.7,45.5162,-122.67739999999999
834,2024-11-05T18:00,9.9,57,12.3,45.5162,-122.67739999999999
835,2024-11-05T19:00,10.4,60,13.2,45.5162,-122.67739999999999
836,2024-11-05T20:00,11.1,64,15.2,45.5162,-122.67739999999999
837,2024-11-05T21:00,11.5,67,16.4,45.5162,-122.67739999999999
838,2024-11-05T22:00,11.5,57,16.2,45.5162,-122.67739999999999
839,2024-11-05T23:00,11.3,46,15.0,45.5162,-122.67739999999999
840,2024-10-30T00:00,11.6,100,3.1,45.5162,-122.6794
841,2024-10-30T01:00,11.1,100,1.3,45.5162,-122.6794
842,2024-10-30T02:00,10.3,41,2.2,45.5162,-122.6794
843,2024-10-30T03:00,9.1,1,6.0,45.5162,-122.6794
844,2024-10-30T04:00,8.3,0,5.5,45.5162,-122.6794
845,2024-10-30T05:00,7.7,48,4.0,45.5162,-122.6794
846,2024-10-30T06:00,6.7,15,8.1,45.5162,-122.6794
847,2024-10-30T07:00,6.5,82,6.2,45.5162,-122.6794
848,2024-10-30T08:00,6.5,99,6.3,45.5162,-122.6794
849,2024-10-30T09:00,6.8,57,10.1,45.5162,-122.6794
850,2024-10-30T10:00,6.3,39,8.2,45.5162,-122.6794
851,2024-10-30T11:00,6.7,91,8.2,45.5162,-122.6794
852,2024-10-30T12:00,6.8,99,5.5,45.5162,-122.6794
853,2024-10-30T13:00,6.5,67,6.1,45.5162,-122.6794
854,2024-10-30T14:00,6.6,99,6.7,45.5162,-122.6794
855,2024-10-30T15:00,6.3,3,7.1,45.5162,-122.6794
856,2024-10-30T16:00,7.2,99,7.6,45.5162,-122.6794
857,2024-10-30T17:00,7.4,100,6.5,45.5162,-122.6794
858,2024-10-30T18:00,8.4,100,10.8,45.5162,-122.6794
859,2024-10-30T19:00,8.6,100,10.9,45.5162,-122.6794
860,2024-10-30T20:00,8.6,100,11.6,45.5162,-122.6794
861,2024-10-30T21:00,9.0,100,21.1,45.5162,-122.6794
862,2024-10-30T22:00,9.2,100,13.3,45.5162,-122.6794
863,2024-10-30T23:00,8.4,100,15.8,45.5162,-122.6794
864,2024-10-31T00:00,7.8,100,15.2,45.5162,-122.6794
865,2024-10-31T01:00,6.7,90,14.0,45.5162,-122.6794
866,2024-10-31T02:00,6.2,100,17.4,45.5162,-122.6794
867,2024-10-31T03:00,6.0,100,16.6,45.5162,-122.6794
868,2024-10-31T04:00,6.0,36,14.5,45.5162,-122.6794
869,2024-10-31T05:00,6.0,55,14.2,45.5162,-122.6794
870,2024-10-31T06:00,6.0,100,14.0,45.5162,-122.6794
871,2024-10-31T07:00,6.0,77,15.7,45.5162,-122.6794
872,2024-10-31T08:00,5.9,100,14.8,45.5162,-122.6794
873,2024-10-31T09:00,6.0,100,18.2,45.5162,-122.6794
874,2024-10-31T10:00,5.9,100,18.0,45.5162,-122.6794
875,2024-10-31T11:00,5.9,93,16.4,45.5162,-122.6794
876,2024-10-31T12:00,6.0,84,14.7,45.5162,-122.6794
877,2024-10-31T13:00,6.4,100,17.9,45.5162,-122.6794
878,2024-10-31T14:00,6.3,100,20.1,45.5162,-122.6794
879,2024-10-31T15:00,6.1,100,12.0,45.5162,-122.6794
880,2024-10-31T16:00,6.6,100,9.8,45.5162,-122.6794
881,2024-10-31T17:00,7.4,100,11.9,45.5162,-122.6794
882,2024-10-31T18:00,8.4,100,19.7,45.5162,-122.6794
883,2024-10-31T19:00,9.2,100,19.9,45.5162,-122.6794
884,2024-10-31T20:00,9.9,100,19.2,45.5162,-122.6794
885,2024-10-31T21:00,10.0,100,18.8,45.5162,-122.6794
886,2024-10-31T22:00,9.7,100,15.8,45.5162,-122.6794
887,2024-10-31T23:00,10.6,100,17.1,45.5162,-122.6794
888,2024-11-01T00:00,9.6,100,20.7,45.5162,-122.6794
889,2024-11-01T01:00,8.8,100,19.7,45.5162,-122.6794
890,2024-11-01T02:00,8.7,100,15.3,45.5162,-122.6794
891,2024-11-01T03:00,8.6,100,17.1,45.5162,-122.6794
892,2024-11-01T04:00,8.1,100,18.4,45.5162,-122.6794
893,2024-11-01T05:00,8.3,100,20.4,45.5162,-122.6794
894,2024-11-01T06:00,8.4,100,18.6,45.5162,-122.6794
895,2024-11-01T07:00,8.4,100,22.2,45.5162,-122.6794
896,2024-11-01T08:00,8.5,100,13.3,45.5162,-122.6794
897,2024-11-01T09:00,9.0,100,16.4,45.5162,-122.6794
898,2024-11-01T10:00,9.3,100,16.4,45.5162,-122.6794
899,2024-11-01T11:00,9.0,100,15.6,45.5162,-122.6794
900,2024-11-01T12:00,9.0,100,11.2,45.5162,-122.6794
901,2024-11-01T13:00,8.6,100,15.3,45.5162,-122.6794
902,2024-11-01T14:00,8.3,100,11.7,45.5162,-122.6794
903,2024-11-01T15:00,7.3,100,15.5,45.5162,-122.6794
904,2024-11-01T16:00,7.2,100,14.1,45.5162,-122.6794
905,2024-11-01T17:00,6.9,100,11.9,45.5162,-122.6794
906,2024-11-01T18:00,7.1,100,7.2,45.5162,-122.6794
907,2024-11-01T19:00,7.0,100,6.0,45.5162,-122.6794
908,2024-11-01T20:00,7.2,100,6.1,45.5162,-122.6794
909,2024-11-01T21:00,7.7,100,6.5,45.5162,-122.6794
910,2024-11-01T22:00,8.2,100,5.8,45.5162,-122.6794
911,2024-11-01T23:00,8.3,100,4.3,45.5162,-122.6794
912,2024-11-02T00:00,8.7,100,3.6,45.5162,-122.6794
913,2024-11-02T01:00,8.6,100,3.7,45.5162,-122.6794
914,2024-11-02T02:00,8.4,100,3.8,45.5162,-122.6794
915,2024-11-02T03:00,8.4,100,4.7,45.5162,-122.6794
916,2024-11-02T04:00,8.7,100,9.4,45.5162,-122.6794
917,2024-11-02T05:00,8.8,100,8.1,45.5162,-122.6794
918,2024-11-02T06:00,8.7,100,5.4,45.5162,-122.6794
919,2024-11-02T07:00,8.4,98,6.0,45.5162,-122.6794
920,2024-11-02T08:00,8.6,100,4.8,45.5162,-122.6794
921,2024-11-02T09:00,8.6,100,5.1,45.5162,-122.6794
922,2024-11-02T10:00,8.4,100,5.1,45.5162,-122.6794
923,2024-11-02T11:00,7.2,14,4.3,45.5162,-122.6794
924,2024-11-02T12:00,6.8,9,3.1,45.5162,-122.6794
925,2024-11-02T13:00,6.6,8,2.4,45.5162,-122.6794
926,2024-11-02T14:00,6.4,62,1.6,45.5162,-122.6794
927,2024-11-02T15:00,7.2,100,1.9,45.5162,-122.6794
928,2024-11-02T16:00,7.4,100,3.3,45.5162,-122.6794
929,2024-11-02T17:00,7.8,100,4.7,45.5162,-122.6794
930,2024-11-02T18:00,8.6,97,5.9,45.5162,-122.6794
931,2024-11-02T19:00,9.5,98,6.9,45.5162,-122.6794
932,2024-11-02T20:00,10.9,61,8.1,45.5162,-122.6794
933,2024-11-02T21:00,10.6,100,8.2,45.5162,-122.6794
934,2024-11-02T22:00,10.7,100,6.0,45.5162,-122.6794
935,2024-11-02T23:00,10.9,100,4.7,45.5162,-122.6794
936,2024-11-03T00:00,10.2,100,3.4,45.5162,-122.6794
937,2024-11-03T01:00,9.4,100,7.1,45.5162,-122.6794
938,2024-11-03T02:00,9.7,100,3.3,45.5162,-122.6794
939,2024-11-03T03:00,9.1,100,3.4,45.5162,-122.6794
940,2024-11-03T04:00,8.9,100,4.9,45.5162,-122.6794
941,2024-11-03T05:00,8.7,100,5.2,45.5162,-122.6794
942,2024-11-03T06:00,8.7,100,3.6,45.5162,-122.6794
943,2024-11-03T07:00,8.8,100,7.2,45.5162,-122.6794
944,2024-11-03T08:00,8.5,100,8.9,45.5162,-122.6794
945,2024-11-03T09:00,8.5,100,10.2,45.5162,-122.6794
946,2024-11-03T10:00,8.5,100,9.6,45.5162,-122.6794
947,2024-11-03T11:00,8.5,100,7.2,45.5162,-122.6794
948,2024-11-03T12:00,8.3,100,5.2,45.5162,-122.6794
949,2024-11-03T13:00,8.4,100,4.4,45.5162,-122.6794
950,2024-11-03T14:00,8.4,100,4.9,45.5162,-122.6794
951,2024-11-03T15:00,8.5,100,2.5,45.5162,-122.6794
952,2024-11-03T16:00,8.5,73,1.8,45.5162,-122.6794
953,2024-11-03T17:00,9.5,77,4.3,45.5162,-122.6794
954,2024-11-03T18:00,10.3,100,7.0,45.5162,-122.6794
955,2024-11-03T19:00,10.8,100,9.5,45.5162,-122.6794
956,2024-11-03T20:00,12.4,24,12.9,45.5162,-122.6794
957,2024-11-03T21:00,12.7,52,13.1,45.5162,-122.6794
958,2024-11-03T22:00,12.6,100,12.5,45.5162,-122.6794
959,2024-11-03T23:00,12.8,14,12.4,45.5162,-122.6794
960,2024-11-04T00:00,11.9,12,12.6,45.5162,-122.6794
961,2024-11-04T01:00,10.4,7,7.8,45.5162,-122.6794
962,2024-11-04T02:00,9.8,22,6.5,45.5162,-122.6794
963,2024-11-04T03:00,9.3,68,5.8,45.5162,-122.6794
964,2024-11-04T04:00,8.9,82,4.1,45.5162,-122.6794
965,2024-11-04T05:00,9.1,83,3.3,45.5162,-122.6794
966,2024-11-04T06:00,8.5,91,1.1,45.5162,-122.6794
967,2024-11-04T07:00,8.5,92,1.0,45.5162,-122.6794
968,2024-11-04T08:00,8.6,93,1.1,45.5162,-122.6794
969,2024-11-04T09:00,8.6,94,1.4,45.5162,-122.6794
970,2024-11-04T10:00,8.3,92,2.2,45.5162,-122.6794
971,2024-11-04T11:00,7.8,89,3.0,45.5162,-122.6794
972,2024-11-04T12:00,7.5,87,3.3,45.5162,-122.6794
973,2024-11-04T13:00,7.1,77,2.6,45.5162,-122.6794
974,2024-11-04T14:00,6.8,66,1.8,45.5162,-122.6794
975,2024-11-04T15:00,6.9,56,0.8,45.5162,-122.6794
976,2024-11-04T16:00,7.6,54,1.8,45.5162,-122.6794
977,2024-11-04T17:00,8.8,53,3.6,45.5162,-122.6794
978,2024-11-04T18:00,9.9,51,4.7,45.5162,-122.6794
979,2024-11-04T19:00,10.8,64,5.0,45.5162,-122.6794
980,2024-11-04T20:00,11.6,78,5.2,45.5162,-122.6794
981,2024-11-04T21:00,12.0,91,5.4,45.5162,-122.6794
982,2024-11-04T22:00,11.9,94,5.7,45.5162,-122.6794
983,2024-11-04T23:00,11.4,97,6.3,45.5162,-122.6794
984,2024-11-05T00:00,11.0,100,6.3,45.5162,-122.6794
985,2024-11-05T01:00,10.8,100,5.4,45.5162,-122.6794
986,2024-11-05T02:00,10.7,100,4.5,45.5162,-122.6794
987,2024-11-05T03:00,10.6,100,4.6,45.5162,-122.6794
988,2024-11-05T04:00,10.4,100,4.6,45.5162,-122.6794
989,2024-11-05T05:00,10.3,100,5.0,45.5162,-122.6794
990,2024-11-05T06:00,10.2,100,5.4,45.5162,-122.6794
991,2024-11-05T07:00,10.1,100,6.1,45.5162,-122.6794
992,2024-11-05T08:00,10.0,100,7.2,45.5162,-122.6794
993,2024-11-05T09:00,9.9,100,7.2,45.5162,-122.6794
994,2024-11-05T10:00,9.8,100,6.2,45.5162,-122.6794
995,2024-11-05T11:00,9.7,100,4.8,45.5162,-122.6794
996,2024-11-05T12:00,9.7,100,3.9,45.5162,-122.6794
997,2024-11-05T13:00,9.7,100,5.0,45.5162,-122.6794
998,2024-11-05T14:00,9.7,99,7.6,45.5162,-122.6794
999,2024-11-05T15:00,9.8,99,9.8,45.5162,-122.6794
1000,2024-11-05T16:00,9.8,85,10.9,45.5162,-122.6794
1001,2024-11-05T17:00,9.8,71,11.7,45.5162,-122.6794
1002,2024-11-05T18:00,9.9,57,12.3,45.5162,-122.6794
1003,2024-11-05T19:00,10.4,60,13.2,45.5162,-122.6794
1004,2024-11-05T20:00,11.1,64,15.2,45.5162,-122.6794
1005,2024-11-05T21:00,11.5,67,16.4,45.5162,-122.6794
1006,2024-11-05T22:00,11.5,57,16.2,45.5162,-122.6794
1007,2024-11-05T23:00,11.3,46,15.0,45.5162,-122.6794
1008,2024-10-30T00:00,11.6,100,3.1,45.5142,-122.6784
1009,2024-10-30T01:00,11.1,100,1.3,45.5142,-122.6784
1010,2024-10-30T02:00,10.3,41,2.2,45.5142,-122.6784
1011,2024-10-30T03:00,9.2,1,6.0,45.5142,-122.6784
1012,2024-10-30T04:00,8.3,0,5.5,45.5142,-122.6784
1013,2024-10-30T05:00,7.8,48,4.0,45.5142,-122.6784
1014,2024-10-30T06:00,6.8,15,8.1,45.5142,-122.6784
1015,2024-10-30T07:00,6.6,82,6.2,45.5142,-122.6784
1016,2024-10-30T08:00,6.6,99,6.3,45.5142,-122.6784
1017,2024-10-30T09:00,6.8,57,10.1,45.5142,-122.6784
1018,2024-10-30T10:00,6.4,39,8.2,45.5142,-122.6784
1019,2024-10-30T11:00,6.7,91,8.2,45.5142,-122.6784
1020,2024-10-30T12:00,6.8,99,5.5,45.5142,-122.6784
1021,2024-10-30T13:00,6.5,67,6.1,45.5142,-122.6784
1022,2024-10-30T14:00,6.7,99,6.7,45.5142,-122.6784
1023,2024-10-30T15:00,6.4,3,7.1,45.5142,-122.6784
1024,2024-10-30T16:00,7.2,99,7.6,45.5142,-122.6784
1025,2024-10-30T17:00,7.5,100,6.5,45.5142,-122.6784
1026,2024-10-30T18:00,8.4,100,10.8,45.5142,-122.6784
1027,2024-10-30T19:00,8.7,100,10.9,45.5142,-122.6784
1028,2024-10-30T20:00,8.6,100,11.6,45.5142,-122.6784
1029,2024-10-30T21:00,9.1,100,21.1,45.5142,-122.6784
1030,2024-10-30T22:00,9.2,100,13.3,45.5142,-122.6784
1031,2024-10-30T23:00,8.5,100,15.8,45.5142,-122.6784
1032,2024-10-31T00:00,7.8,100,15.2,45.5142,-122.6784
1033,2024-10-31T01:00,6.7,90,14.0,45.5142,-122.6784
1034,2024-10-31T02:00,6.3,100,17.4,45.5142,-122.6784
1035,2024-10-31T03:00,6.1,100,16.6,45.5142,-122.6784
1036,2024-10-31T04:00,6.0,36,14.5,45.5142,-122.6784
1037,2024-10-31T05:00,6.1,55,14.2,45.5142,-122.6784
1038,2024-10-31T06:00,6.0,100,14.0,45.5142,-122.6784
1039,2024-10-31T07:00,6.1,77,15.7,45.5142,-122.6784
1040,2024-10-31T08:00,5.9,100,14.8,45.5142,-122.6784
1041,2024-10-31T09:00,6.1,100,18.2,45.5142,-122.6784
1042,2024-10-31T10:00,6.0,100,18.0,45.5142,-122.6784
1043,2024-10-31T11:00,6.0,93,16.4,45.5142,-122.6784
1044,2024-10-31T12:00,6.1,84,14.7,45.5142,-122.6784
1045,2024-10-31T13:00,6.4,100,17.9,45.5142,-122.6784
1046,2024-10-31T14:00,6.3,100,20.1,45.5142,-122.6784
1047,2024-10-31T15:00,6.2,100,12.0,45.5142,-122.6784
1048,2024-10-31T16:00,6.6,100,9.8,45.5142,-122.6784
1049,2024-10-31T17:00,7.5,100,11.9,45.5142,-122.6784
1050,2024-10-31T18:00,8.4,100,19.7,45.5142,-122.6784
1051,2024-10-31T19:00,9.2,100,19.9,45.5142,-122.6784
1052,2024-10-31T20:00,10.0,100,19.2,45.5142,-122.6784
1053,2024-10-31T21:00,10.0,100,18.8,45.5142,-122.6784
1054,2024-10-31T22:00,9.8,100,15.8,45.5142,-122.6784
1055,2024-10-31T23:00,10.6,100,17.1,45.5142,-122.6784
1056,2024-11-01T00:00,9.6,100,20.7,45.5142,-122.6784
1057,2024-11-01T01:00,8.9,100,19.7,45.5142,-122.6784
1058,2024-11-01T02:00,8.7,100,15.3,45.5142,-122.6784
1059,2024-11-01T03:00,8.7,100,17.1,45.5142,-122.6784
1060,2024-11-01T04:00,8.1,100,18.4,45.5142,-122.6784
1061,2024-11-01T05:00,8.4,100,20.4,45.5142,-122.6784
1062,2024-11-01T06:00,8.4,100,18.6,45.5142,-122.6784
1063,2024-11-01T07:00,8.5,100,22.2,45.5142,-122.6784
1064,2024-11-01T08:00,8.5,100,13.3,45.5142,-122.6784
1065,2024-11-01T09:00,9.0,100,16.4,45.5142,-122.6784
1066,2024-11-01T10:00,9.4,100,16.4,45.5142,-122.6784
1067,2024-11-01T11:00,9.0,100,15.6,45.5142,-122.6784
1068,2024-11-01T12:00,9.1,100,11.2,45.5142,-122.6784
1069,2024-11-01T13:00,8.6,100,15.3,45.5142,-122.6784
1070,2024-11-01T14:00,8.3,100,11.7,45.5142,-122.6784
1071,2024-11-01T15:00,7.3,100,15.5,45.5142,-122.6784
1072,2024-11-01T16:00,7.2,100,14.1,45.5142,-122.6784
1073,2024-11-01T17:00,6.9,100,11.9,45.5142,-122.6784
1074,2024-11-01T18:00,7.1,100,7.2,45.5142,-122.6784
1075,2024-11-01T19:00,7.0,100,6.0,45.5142,-122.6784
1076,2024-11-01T20:00,7.2,100,6.1,45.5142,-122.6784
1077,2024-11-01T21:00,7.7,100,6.5,45.5142,-122.6784
1078,2024-11-01T22:00,8.2,100,5.8,45.5142,-122.6784
1079,2024-11-01T23:00,8.3,100,4.3,45.5142,-122.6784
1080,2024-11-02T00:00,8.7,100,3.6,45.5142,-122.6784
1081,2024-11-02T01:00,8.6,100,3.7,45.5142,-122.6784
1082,2024-11-02T02:00,8.4,100,3.8,45.5142,-122.6784
1083,2024-11-02T03:00,8.4,100,4.7,45.5142,-122.6784
1084,2024-11-02T04:00,8.7,100,9.4,45.5142,-122.6784
1085,2024-11-02T05:00,8.8,100,8.1,45.5142,-122.6784
1086,2024-11-02T06:00,8.7,100,5.4,45.5142,-122.6784
1087,2024-11-02T07:00,8.4,98,6.0,45.5142,-122.6784
1088,2024-11-02T08:00,8.6,100,4.8,45.5142,-122.6784
1089,2024-11-02T09:00,8.6,100,5.1,45.5142,-122.6784
1090,2024-11-02T10:00,8.4,100,5.1,45.5142,-122.6784
1091,2024-11-02T11:00,7.2,14,4.3,45.5142,-122.6784
1092,2024-11-02T12:00,6.8,9,3.1,45.5142,-122.6784
1093,2024-11-02T13:00,6.6,8,2.4,45.5142,-122.6784
1094,2024-11-02T14:00,6.4,62,1.6,45.5142,-122.6784
1095,2024-11-02T15:00,7.2,100,1.9,45.5142,-122.6784
1096,2024-11-02T16:00,7.4,100,3.3,45.5142,-122.6784
1097,2024-11-02T17:00,7.8,100,4.7,45.5142,-122.6784
1098,2024-11-02T18:00,8.6,97,5.9,45.5142,-122.6784
1099,2024-11-02T19:00,9.5,98,6.9,45.5142,-122.6784
1100,2024-11-02T20:00,10.9,61,8.1,45.5142,-122.6784
1101,2024-11-02T21:00,10.6,100,8.2,45.5142,-122.6784
1102,2024-11-02T22:00,10.7,100,6.0,45.5142,-122.6784
1103,2024-11-02T23:00,10.9,100,4.7,45.5142,-122.6784
1104,2024-11-03T00:00,10.2,100,3.4,45.5142,-122.6784
1105,2024-11-03T01:00,9.4,100,7.1,45.5142,-122.6784
1106,2024-11-03T02:00,9.7,100,3.3,45.5142,-122.6784
1107,2024-11-03T03:00,9.1,100,3.4,45.5142,-122.6784
1108,2024-11-03T04:00,8.9,100,4.9,45.5142,-122.6784
1109,2024-11-03T05:00,8.7,100,5.2,45.5142,-122.6784
1110,2024-11-03T06:00,8.7,100,3.6,45.5142,-122.6784
1111,2024-11-03T07:00,8.8,100,7.2,45.5142,-122.6784
1112,2024-11-03T08:00,8.5,100,8.9,45.5142,-122.6784
1113,2024-11-03T09:00,8.5,100,10.2,45.5142,-122.6784
1114,2024-11-03T10:00,8.5,100,9.6,45.5142,-122.6784
1115,2024-11-03T11:00,8.5,100,7.2,45.5142,-122.6784
1116,2024-11-03T12:00,8.3,100,5.2,45.5142,-122.6784
1117,2024-11-03T13:00,8.4,100,4.4,45.5142,-122.6784
1118,2024-11-03T14:00,8.4,100,4.9,45.5142,-122.6784
1119,2024-11-03T15:00,8.5,100,2.5,45.5142,-122.6784
1120,2024-11-03T16:00,8.5,73,1.8,45.5142,-122.6784
1121,2024-11-03T17:00,9.5,77,4.3,45.5142,-122.6784
1122,2024-11-03T18:00,10.3,100,7.0,45.5142,-122.6784
1123,2024-11-03T19:00,10.8,100,9.5,45.5142,-122.6784
1124,2024-11-03T20:00,12.4,24,12.9,45.5142,-122.6784
1125,2024-11-03T21:00,12.7,52,13.1,45.5142,-122.6784
1126,2024-11-03T22:00,12.6,100,12.5,45.5142,-122.6784
1127,2024-11-03T23:00,12.8,14,12.4,45.5142,-122.6784
1128,2024-11-04T00:00,11.9,12,12.6,45.5142,-122.6784
1129,2024-11-04T01:00,10.4,7,7.8,45.5142,-122.6784
1130,2024-11-04T02:00,9.8,22,6.5,45.5142,-122.6784
1131,2024-11-04T03:00,9.3,68,5.8,45.5142,-122.6784
1132,2024-11-04T04:00,8.9,82,4.1,45.5142,-122.6784
1133,2024-11-04T05:00,9.1,83,3.3,45.5142,-122.6784
1134,2024-11-04T06:00,8.5,91,1.1,45.5142,-122.6784
1135,2024-11-04T07:00,8.5,92,1.0,45.5142,-122.6784
1136,2024-11-04T08:00,8.6,93,1.1,45.5142,-122.6784
1137,2024-11-04T09:00,8.6,94,1.4,45.5142,-122.6784
1138,2024-11-04T10:00,8.3,92,2.2,45.5142,-122.6784
1139,2024-11-04T11:00,7.8,89,3.0,45.5142,-122.6784
1140,2024-11-04T12:00,7.5,87,3.3,45.5142,-122.6784
1141,2024-11-04T13:00,7.1,77,2.6,45.5142,-122.6784
1142,2024-11-04T14:00,6.8,66,1.8,45.5142,-122.6784
1143,2024-11-04T15:00,6.9,56,0.8,45.5142,-122.6784
1144,2024-11-04T16:00,7.6,54,1.8,45.5142,-122.6784
1145,2024-11-04T17:00,8.8,53,3.6,45.5142,-122.6784
1146,2024-11-04T18:00,9.9,51,4.7,45.5142,-122.6784
1147,2024-11-04T19:00,10.8,64,5.0,45.5142,-122.6784
1148,2024-11-04T20:00,11.6,78,5.2,45.5142,-122.6784
1149,2024-11-04T21:00,12.0,91,5.4,45.5142,-122.6784
1150,2024-11-04T22:00,11.9,94,5.7,45.5142,-122.6784
1151,2024-11-04T23:00,11.4,97,6.3,45.5142,-122.6784
1152,2024-11-05T00:00,11.0,100,6.3,45.5142,-122.6784
1153,2024-11-05T01:00,10.8,100,5.4,45.5142,-122.6784
1154,2024-11-05T02:00,10.7,100,4.5,45.5142,-122.6784
1155,2024-11-05T03:00,10.6,100,4.6,45.5142,-122.6784
1156,2024-11-05T04:00,10.4,100,4.6,45.5142,-122.6784
1157,2024-11-05T05:00,10.3,100,5.0,45.5142,-122.6784
1158,2024-11-05T06:00,10.2,100,5.4,45.5142,-122.6784
1159,2024-11-05T07:00,10.1,100,6.1,45.5142,-122.6784
1160,2024-11-05T08:00,10.0,100,7.2,45.5142,-122.6784
1161,2024-11-05T09:00,9.9,100,7.2,45.5142,-122.6784
1162,2024-11-05T10:00,9.8,100,6.2,45.5142,-122.6784
1163,2024-11-05T11:00,9.7,100,4.8,45.5142,-122.6784
1164,2024-11-05T12:00,9.7,100,3.9,45.5142,-122.6784
1165,2024-11-05T13:00,9.7,100,5.0,45.5142,-122.6784
1166,2024-11-05T14:00,9.7,99,7.6,45.5142,-122.6784
1167,2024-11-05T15:00,9.8,99,9.8,45.5142,-122.6784
1168,2024-11-05T16:00,9.8,85,10.9,45.5142,-122.6784
1169,2024-11-05T17:00,9.8,71,11.7,45.5142,-122.6784
1170,2024-11-05T18:00,9.9,57,12.3,45.5142,-122.6784
1171,2024-11-05T19:00,10.4,60,13.2,45.5142,-122.6784
1172,2024-11-05T20:00,11.1,64,15.2,45.5142,-122.6784
1173,2024-11-05T21:00,11.5,67,16.4,45.5142,-122.6784
1174,2024-11-05T22:00,11.5,57,16.2,45.5142,-122.6784
1175,2024-11-05T23:00,11.3,46,15.0,45.5142,-122.6784
1176,2024-10-30T00:00,11.6,100,3.1,45.5142,-122.67739999999999
1177,2024-10-30T01:00,11.1,100,1.3,45.5142,-122.67739999999999
1178,2024-10-30T02:00,10.3,41,2.2,45.5142,-122.67739999999999
1179,2024-10-30T03:00,9.1,1,6.0,45.5142,-122.67739999999999
1180,2024-10-30T04:00,8.3,0,5.5,45.5142,-122.67739999999999
1181,2024-10-30T05:00,7.7,48,4.0,45.5142,-122.67739999999999
1182,2024-10-30T06:00,6.7,15,8.1,45.5142,-122.67739999999999
1183,2024-10-30T07:00,6.5,82,6.2,45.5142,-122.67739999999999
1184,2024-10-30T08:00,6.5,99,6.3,45.5142,-122.67739999999999
1185,2024-10-30T09:00,6.8,57,10.1,45.5142,-122.67739999999999
1186,2024-10-30T10:00,6.3,39,8.2,45.5142,-122.67739999999999
1187,2024-10-30T11:00,6.7,91,8.2,45.5142,-122.67739999999999
1188,2024-10-30T12:00,6.8,99,5.5,45.5142,-122.67739999999999
1189,2024-10-30T13:00,6.5,67,6.1,45.5142,-122.67739999999999
1190,2024-10-30T14:00,6.6,99,6.7,45.5142,-122.67739999999999
1191,2024-10-30T15:00,6.3,3,7.1,45.5142,-122.67739999999999
1192,2024-10-30T16:00,7.2,99,7.6,45.5142,-122.67739999999999
1193,2024-10-30T17:00,7.4,100,6.5,45.5142,-122.67739999999999
1194,2024-10-30T18:00,8.4,100,10.8,45.5142,-122.67739999999999
1195,2024-10-30T19:00,8.6,100,10.9,45.5142,-122.67739999999999
1196,2024-10-30T20:00,8.6,100,11.6,45.5142,-122.67739999999999
1197,2024-10-30T21:00,9.0,100,21.1,45.5142,-122.67739999999999
1198,2024-10-30T22:00,9.2,100,13.3,45.5142,-122.67739999999999
1199,2024-10-30T23:00,8.4,100,15.8,45.5142,-122.67739999999999
1200,2024-10-31T00:00,7.8,100,15.2,45.5142,-122.67739999999999
1201,2024-10-31T01:00,6.7,90,14.0,45.5142,-122.67739999999999
1202,2024-10-31T02:00,6.2,100,17.4,45.5142,-122.67739999999999
1203,2024-10-31T03:00,6.0,100,16.6,45.5142,-122.67739999999999
1204,2024-10-31T04:00,6.0,36,14.5,45.5142,-122.67739999999999
1205,2024-10-31T05:00,6.0,55,14.2,45.5142,-122.67739999999999
1206,2024-10-31T06:00,6.0,100,14.0,45.5142,-122.67739999999999
1207,2024-10-31T07:00,6.0,77,15.7,45.5142,-122.67739999999999
1208,2024-10-31T08:00,5.9,100,14.8,45.5142,-122.67739999999999
1209,2024-10-31T09:00,6.0,100,18.2,45.5142,-122.67739999999999
1210,2024-10-31T10:00,5.9,100,18.0,45.5142,-122.67739999999999
1211,2024-10-31T11:00,5.9,93,16.4,45.5142,-122.67739999999999
1212,2024-10-31T12:00,6.0,84,14.7,45.5142,-122.67739999999999
1213,2024-10-31T13:00,6.4,100,17.9,45.5142,-122.67739999999999
1214,2024-10-31T14:00,6.3,100,20.1,45.5142,-122.67739999999999
1215,2024-10-31T15:00,6.1,100,12.0,45.5142,-122.67739999999999
1216,2024-10-31T16:00,6.6,100,9.8,45.5142,-122.67739999999999
1217,2024-10-31T17:00,7.4,100,11.9,45.5142,-122.67739999999999
1218,2024-10-31T18:00,8.4,100,19.7,45.5142,-122.67739999999999
1219,2024-10-31T19:00,9.2,100,19.9,45.5142,-122.67739999999999
1220,2024-10-31T20:00,9.9,100,19.2,45.5142,-122.67739999999999
1221,2024-10-31T21:00,10.0,100,18.8,45.5142,-122.67739999999999
1222,2024-10-31T22:00,9.7,100,15.8,45.5142,-122.67739999999999
1223,2024-10-31T23:00,10.6,100,17.1,45.5142,-122.67739999999999
1224,2024-11-01T00:00,9.6,100,20.7,45.5142,-122.67739999999999
1225,2024-11-01T01:00,8.8,100,19.7,45.5142,-122.67739999999999
1226,2024-11-01T02:00,8.7,100,15.3,45.5142,-122.67739999999999
1227,2024-11-01T03:00,8.6,100,17.1,45.5142,-122.67739999999999
1228,2024-11-01T04:00,8.1,100,18.4,45.5142,-122.67739999999999
1229,2024-11-01T05:00,8.3,100,20.4,45.5142,-122.67739999999999
1230,2024-11-01T06:00,8.4,100,18.6,45.5142,-122.67739999999999
1231,2024-11-01T07:00,8.4,100,22.2,45.5142,-122.67739999999999
1232,2024-11-01T08:00,8.5,100,13.3,45.5142,-122.67739999999999
1233,2024-11-01T09:00,9.0,100,16.4,45.5142,-122.67739999999999
1234,2024-11-01T10:00,9.3,100,16.4,45.5142,-122.67739999999999
1235,2024-11-01T11:00,9.0,100,15.6,45.5142,-122.67739999999999
1236,2024-11-01T12:00,9.0,100,11.2,45.5142,-122.67739999999999
1237,2024-11-01T13:00,8.6,100,15.3,45.5142,-122.67739999999999
1238,2024-11-01T14:00,8.3,100,11.7,45.5142,-122.67739999999999
1239,2024-11-01T15:00,7.3,100,15.5,45.5142,-122.67739999999999
1240,2024-11-01T16:00,7.2,100,14.1,45.5142,-122.67739999999999
1241,2024-11-01T17:00,6.9,100,11.9,45.5142,-122.67739999999999
1242,2024-11-01T18:00,7.1,100,7.2,45.5142,-122.67739999999999
1243,2024-11-01T19:00,7.0,100,6.0,45.5142,-122.67739999999999
1244,2024-11-01T20:00,7.2,100,6.1,45.5142,-122.67739999999999
1245,2024-11-01T21:00,7.7,100,6.5,45.5142,-122.67739999999999
1246,2024-11-01T22:00,8.2,100,5.8,45.5142,-122.67739999999999
1247,2024-11-01T23:00,8.3,100,4.3,45.5142,-122.67739999999999
1248,2024-11-02T00:00,8.7,100,3.6,45.5142,-122.67739999999999
1249,2024-11-02T01:00,8.6,100,3.7,45.5142,-122.67739999999999
1250,2024-11-02T02:00,8.4,100,3.8,45.5142,-122.67739999999999
1251,2024-11-02T03:00,8.4,100,4.7,45.5142,-122.67739999999999
1252,2024-11-02T04:00,8.7,100,9.4,45.5142,-122.67739999999999
1253,2024-11-02T05:00,8.8,100,8.1,45.5142,-122.67739999999999
1254,2024-11-02T06:00,8.7,100,5.4,45.5142,-122.67739999999999
1255,2024-11-02T07:00,8.4,98,6.0,45.5142,-122.67739999999999
1256,2024-11-02T08:00,8.6,100,4.8,45.5142,-122.67739999999999
1257,2024-11-02T09:00,8.6,100,5.1,45.5142,-122.67739999999999
1258,2024-11-02T10:00,8.4,100,5.1,45.5142,-122.67739999999999
1259,2024-11-02T11:00,7.2,14,4.3,45.5142,-122.67739999999999
1260,2024-11-02T12:00,6.8,9,3.1,45.5142,-122.67739999999999
1261,2024-11-02T13:00,6.6,8,2.4,45.5142,-122.67739999999999
1262,2024-11-02T14:00,6.4,62,1.6,45.5142,-122.67739999999999
1263,2024-11-02T15:00,7.2,100,1.9,45.5142,-122.67739999999999
1264,2024-11-02T16:00,7.4,100,3.3,45.5142,-122.67739999999999
1265,2024-11-02T17:00,7.8,100,4.7,45.5142,-122.67739999999999
1266,2024-11-02T18:00,8.6,97,5.9,45.5142,-122.67739999999999
1267,2024-11-02T19:00,9.5,98,6.9,45.5142,-122.67739999999999
1268,2024-11-02T20:00,10.9,61,8.1,45.5142,-122.67739999999999
1269,2024-11-02T21:00,10.6,100,8.2,45.5142,-122.67739999999999
1270,2024-11-02T22:00,10.7,100,6.0,45.5142,-122.67739999999999
1271,2024-11-02T23:00,10.9,100,4.7,45.5142,-122.67739999999999
1272,2024-11-03T00:00,10.2,100,3.4,45.5142,-122.67739999999999
1273,2024-11-03T01:00,9.4,100,7.1,45.5142,-122.67739999999999
1274,2024-11-03T02:00,9.7,100,3.3,45.5142,-122.67739999999999
1275,2024-11-03T03:00,9.1,100,3.4,45.5142,-122.67739999999999
1276,2024-11-03T04:00,8.9,100,4.9,45.5142,-122.67739999999999
1277,2024-11-03T05:00,8.7,100,5.2,45.5142,-122.67739999999999
1278,2024-11-03T06:00,8.7,100,3.6,45.5142,-122.67739999999999
1279,2024-11-03T07:00,8.8,100,7.2,45.5142,-122.67739999999999
1280,2024-11-03T08:00,8.5,100,8.9,45.5142,-122.67739999999999
1281,2024-11-03T09:00,8.5,100,10.2,45.5142,-122.67739999999999
1282,2024-11-03T10:00,8.5,100,9.6,45.5142,-122.67739999999999
1283,2024-11-03T11:00,8.5,100,7.2,45.5142,-122.67739999999999
1284,2024-11-03T12:00,8.3,100,5.2,45.5142,-122.67739999999999
1285,2024-11-03T13:00,8.4,100,4.4,45.5142,-122.67739999999999
1286,2024-11-03T14:00,8.4,100,4.9,45.5142,-122.67739999999999
1287,2024-11-03T15:00,8.5,100,2.5,45.5142,-122.67739999999999
1288,2024-11-03T16:00,8.5,73,1.8,45.5142,-122.67739999999999
1289,2024-11-03T17:00,9.5,77,4.3,45.5142,-122.67739999999999
1290,2024-11-03T18:00,10.3,100,7.0,45.5142,-122.67739999999999
1291,2024-11-03T19:00,10.8,100,9.5,45.5142,-122.67739999999999
1292,2024-11-03T20:00,12.4,24,12.9,45.5142,-122.67739999999999
1293,2024-11-03T21:00,12.7,52,13.1,45.5142,-122.67739999999999
1294,2024-11-03T22:00,12.6,100,12.5,45.5142,-122.67739999999999
1295,2024-11-03T23:00,12.8,14,12.4,45.5142,-122.67739999999999
1296,2024-11-04T00:00,11.9,12,12.6,45.5142,-122.67739999999999
1297,2024-11-04T01:00,10.4,7,7.8,45.5142,-122.67739999999999
1298,2024-11-04T02:00,9.8,22,6.5,45.5142,-122.67739999999999
1299,2024-11-04T03:00,9.3,68,5.8,45.5142,-122.67739999999999
1300,2024-11-04T04:00,8.9,82,4.1,45.5142,-122.67739999999999
1301,2024-11-04T05:00,9.1,83,3.3,45.5142,-122.67739999999999
1302,2024-11-04T06:00,8.5,91,1.1,45.5142,-122.67739999999999
1303,2024-11-04T07:00,8.5,92,1.0,45.5142,-122.67739999999999
1304,2024-11-04T08:00,8.6,93,1.1,45.5142,-122.67739999999999
1305,2024-11-04T09:00,8.6,94,1.4,45.5142,-122.67739999999999
1306,2024-11-04T10:00,8.3,92,2.2,45.5142,-122.67739999999999
1307,2024-11-04T11:00,7.8,89,3.0,45.5142,-122.67739999999999
1308,2024-11-04T12:00,7.5,87,3.3,45.5142,-122.67739999999999
1309,2024-11-04T13:00,7.1,77,2.6,45.5142,-122.67739999999999
1310,2024-11-04T14:00,6.8,66,1.8,45.5142,-122.67739999999999
1311,2024-11-04T15:00,6.9,56,0.8,45.5142,-122.67739999999999
1312,2024-11-04T16:00,7.6,54,1.8,45.5142,-122.67739999999999
1313,2024-11-04T17:00,8.8,53,3.6,45.5142,-122.67739999999999
1314,2024-11-04T18:00,9.9,51,4.7,45.5142,-122.67739999999999
1315,2024-11-04T19:00,10.8,64,5.0,45.5142,-122.67739999999999
1316,2024-11-04T20:00,11.6,78,5.2,45.5142,-122.67739999999999
1317,2024-11-04T21:00,12.0,91,5.4,45.5142,-122.67739999999999
1318,2024-11-04T22:00,11.9,94,5.7,45.5142,-122.67739999999999
1319,2024-11-04T23:00,11.4,97,6.3,45.5142,-122.67739999999999
1320,2024-11-05T00:00,11.0,100,6.3,45.5142,-122.67739999999999
1321,2024-11-05T01:00,10.8,100,5.4,45.5142,-122.67739999999999
1322,2024-11-05T02:00,10.7,100,4.5,45.5142,-122.67739999999999
1323,2024-11-05T03:00,10.6,100,4.6,45.5142,-122.67739999999999
1324,2024-11-05T04:00,10.4,100,4.6,45.5142,-122.67739999999999
1325,2024-11-05T05:00,10.3,100,5.0,45.5142,-122.67739999999999
1326,2024-11-05T06:00,10.2,100,5.4,45.5142,-122.67739999999999
1327,2024-11-05T07:00,10.1,100,6.1,45.5142,-122.67739999999999
1328,2024-11-05T08:00,10.0,100,7.2,45.5142,-122.67739999999999
1329,2024-11-05T09:00,9.9,100,7.2,45.5142,-122.67739999999999
1330,2024-11-05T10:00,9.8,100,6.2,45.5142,-122.67739999999999
1331,2024-11-05T11:00,9.7,100,4.8,45.5142,-122.67739999999999
1332,2024-11-05T12:00,9.7,100,3.9,45.5142,-122.67739999999999
1333,2024-11-05T13:00,9.7,100,5.0,45.5142,-122.67739999999999
1334,2024-11-05T14:00,9.7,99,7.6,45.5142,-122.67739999999999
1335,2024-11-05T15:00,9.8,99,9.8,45.5142,-122.67739999999999
1336,2024-11-05T16:00,9.8,85,10.9,45.5142,-122.67739999999999
1337,2024-11-05T17:00,9.8,71,11.7,45.5142,-122.67739999999999
1338,2024-11-05T18:00,9.9,57,12.3,45.5142,-122.67739999999999
1339,2024-11-05T19:00,10.4,60,13.2,45.5142,-122.67739999999999
1340,2024-11-05T20:00,11.1,64,15.2,45.5142,-122.67739999999999
1341,2024-11-05T21:00,11.5,67,16.4,45.5142,-122.67739999999999
1342,2024-11-05T22:00,11.5,57,16.2,45.5142,-122.67739999999999
1343,2024-11-05T23:00,11.3,46,15.0,45.5142,-122.67739999999999
1344,2024-10-30T00:00,11.6,100,3.1,45.5142,-122.6794
1345,2024-10-30T01:00,11.1,100,1.3,45.5142,-122.6794
1346,2024-10-30T02:00,10.3,41,2.2,45.5142,-122.6794
1347,2024-10-30T03:00,9.2,1,6.0,45.5142,-122.6794
1348,2024-10-30T04:00,8.3,0,5.5,45.5142,-122.6794
1349,2024-10-30T05:00,7.8,48,4.0,45.5142,-122.6794
1350,2024-10-30T06:00,6.8,15,8.1,45.5142,-122.6794
1351,2024-10-30T07:00,6.6,82,6.2,45.5142,-122.6794
1352,2024-10-30T08:00,6.6,99,6.3,45.5142,-122.6794
1353,2024-10-30T09:00,6.8,57,10.1,45.5142,-122.6794
1354,2024-10-30T10:00,6.4,39,8.2,45.5142,-122.6794
1355,2024-10-30T11:00,6.7,91,8.2,45.5142,-122.6794
1356,2024-10-30T12:00,6.8,99,5.5,45.5142,-122.6794
1357,2024-10-30T13:00,6.5,67,6.1,45.5142,-122.6794
1358,2024-10-30T14:00,6.7,99,6.7,45.5142,-122.6794
1359,2024-10-30T15:00,6.4,3,7.1,45.5142,-122.6794
1360,2024-10-30T16:00,7.2,99,7.6,45.5142,-122.6794
1361,2024-10-30T17:00,7.5,100,6.5,45.5142,-122.6794
1362,2024-10-30T18:00,8.4,100,10.8,45.5142,-122.6794
1363,2024-10-30T19:00,8.7,100,10.9,45.5142,-122.6794
1364,2024-10-30T20:00,8.6,100,11.6,45.5142,-122.6794
1365,2024-10-30T21:00,9.1,100,21.1,45.5142,-122.6794
1366,2024-10-30T22:00,9.2,100,13.3,45.5142,-122.6794
1367,2024-10-30T23:00,8.5,100,15.8,45.5142,-122.6794
1368,2024-10-31T00:00,7.8,100,15.2,45.5142,-122.6794
1369,2024-10-31T01:00,6.7,90,14.0,45.5142,-122.6794
1370,2024-10-31T02:00,6.3,100,17.4,45.5142,-122.6794
1371,2024-10-31T03:00,6.1,100,16.6,45.5142,-122.6794
1372,2024-10-31T04:00,6.0,36,14.5,45.5142,-122.6794
1373,2024-10-31T05:00,6.1,55,14.2,45.5142,-122.6794
1374,2024-10-31T06:00,6.0,100,14.0,45.5142,-122.6794
1375,2024-10-31T07:00,6.1,77,15.7,45.5142,-122.6794
1376,2024-10-31T08:00,5.9,100,14.8,45.5142,-122.6794
1377,2024-10-31T09:00,6.1,100,18.2,45.5142,-122.6794
1378,2024-10-31T10:00,6.0,100,18.0,45.5142,-122.6794
1379,2024-10-31T11:00,6.0,93,16.4,45.5142,-122.6794
1380,2024-10-31T12:00,6.1,84,14.7,45.5142,-122.6794
1381,2024-10-31T13:00,6.4,100,17.9,45.5142,-122.6794
1382,2024-10-31T14:00,6.3,100,20.1,45.5142,-122.6794
1383,2024-10-31T15:00,6.2,100,12.0,45.5142,-122.6794
1384,2024-10-31T16:00,6.6,100,9.8,45.5142,-122.6794
1385,2024-10-31T17:00,7.5,100,11.9,45.5142,-122.6794
1386,2024-10-31T18:00,8.4,100,19.7,45.5142,-122.6794
1387,2024-10-31T19:00,9.2,100,19.9,45.5142,-122.6794
1388,2024-10-31T20:00,10.0,100,19.2,45.5142,-122.6794
1389,2024-10-31T21:00,10.0,100,18.8,45.5142,-122.6794
1390,2024-10-31T22:00,9.8,100,15.8,45.5142,-122.6794
1391,2024-10-31T23:00,10.6,100,17.1,45.5142,-122.6794
1392,2024-11-01T00:00,9.6,100,20.7,45.5142,-122.6794
1393,2024-11-01T01:00,8.9,100,19.7,45.5142,-122.6794
1394,2024-11-01T02:00,8.7,100,15.3,45.5142,-122.6794
1395,2024-11-01T03:00,8.7,100,17.1,45.5142,-122.6794
1396,2024-11-01T04:00,8.1,100,18.4,45.5142,-122.6794
1397,2024-11-01T05:00,8.4,100,20.4,45.5142,-122.6794
1398,2024-11-01T06:00,8.4,100,18.6,45.5142,-122.6794
1399,2024-11-01T07:00,8.5,100,22.2,45.5142,-122.6794
1400,2024-11-01T08:00,8.5,100,13.3,45.5142,-122.6794
1401,2024-11-01T09:00,9.0,100,16.4,45.5142,-122.6794
1402,2024-11-01T10:00,9.4,100,16.4,45.5142,-122.6794
1403,2024-11-01T11:00,9.0,100,15.6,45.5142,-122.6794
1404,2024-11-01T12:00,9.1,100,11.2,45.5142,-122.6794
1405,2024-11-01T13:00,8.7,100,15.3,45.5142,-122.6794
1406,2024-11-01T14:00,8.4,100,11.7,45.5142,-122.6794
1407,2024-11-01T15:00,7.3,100,15.5,45.5142,-122.6794
1408,2024-11-01T16:00,7.3,100,14.1,45.5142,-122.6794
1409,2024-11-01T17:00,6.9,100,11.9,45.5142,-122.6794
1410,2024-11-01T18:00,7.1,100,7.2,45.5142,-122.6794
1411,2024-11-01T19:00,7.0,100,6.0,45.5142,-122.6794
1412,2024-11-01T20:00,7.2,100,6.1,45.5142,-122.6794
1413,2024-11-01T21:00,7.8,100,6.5,45.5142,-122.6794
1414,2024-11-01T22:00,8.2,100,5.8,45.5142,-122.6794
1415,2024-11-01T23:00,8.4,100,4.3,45.5142,-122.6794
1416,2024-11-02T00:00,8.8,100,3.6,45.5142,-122.6794
1417,2024-11-02T01:00,8.7,100,3.7,45.5142,-122.6794
1418,2024-11-02T02:00,8.4,100,3.8,45.5142,-122.6794
1419,2024-11-02T03:00,8.4,100,4.7,45.5142,-122.6794
1420,2024-11-02T04:00,8.7,100,9.4,45.5142,-122.6794
1421,2024-11-02T05:00,8.9,100,8.1,45.5142,-122.6794
1422,2024-11-02T06:00,8.8,100,5.4,45.5142,-122.6794
1423,2024-11-02T07:00,8.5,98,6.0,45.5142,-122.6794
1424,2024-11-02T08:00,8.6,100,4.8,45.5142,-122.6794
1425,2024-11-02T09:00,8.7,100,5.1,45.5142,-122.6794
1426,2024-11-02T10:00,8.4,100,5.1,45.5142,-122.6794
1427,2024-11-02T11:00,7.3,14,4.3,45.5142,-122.6794
1428,2024-11-02T12:00,6.8,9,3.1,45.5142,-122.6794
1429,2024-11-02T13:00,6.6,8,2.4,45.5142,-122.6794
1430,2024-11-02T14:00,6.5,62,1.6,45.5142,-122.6794
1431,2024-11-02T15:00,7.2,100,1.9,45.5142,-122.6794
1432,2024-11-02T16:00,7.5,100,3.3,45.5142,-122.6794
1433,2024-11-02T17:00,7.9,100,4.7,45.5142,-122.6794
1434,2024-11-02T18:00,8.6,97,5.9,45.5142,-122.6794
1435,2024-11-02T19:00,9.6,98,6.9,45.5142,-122.6794
1436,2024-11-02T20:00,11.0,61,8.1,45.5142,-122.6794
1437,2024-11-02T21:00,10.6,100,8.2,45.5142,-122.6794
1438,2024-11-02T22:00,10.8,100,6.0,45.5142,-122.6794
1439,2024-11-02T23:00,10.9,100,4.7,45.5142,-122.6794
1440,2024-11-03T00:00,10.3,100,3.4,45.5142,-122.6794
1441,2024-11-03T01:00,9.4,100,7.1,45.5142,-122.6794
1442,2024-11-03T02:00,9.7,100,3.3,45.5142,-122.6794
1443,2024-11-03T03:00,9.2,100,3.4,45.5142,-122.6794
1444,2024-11-03T04:00,9.0,100,4.9,45.5142,-122.6794
1445,2024-11-03T05:00,8.7,100,5.2,45.5142,-122.6794
1446,2024-11-03T06:00,8.7,100,3.6,45.5142,-122.6794
1447,2024-11-03T07:00,8.8,100,7.2,45.5142,-122.6794
1448,2024-11-03T08:00,8.6,100,8.9,45.5142,-122.6794
1449,2024-11-03T09:00,8.6,100,10.2,45.5142,-122.6794
1450,2024-11-03T10:00,8.6,100,9.6,45.5142,-122.6794
1451,2024-11-03T11:00,8.5,100,7.2,45.5142,-122.6794
1452,2024-11-03T12:00,8.4,100,5.2,45.5142,-122.6794
1453,2024-11-03T13:00,8.4,100,4.4,45.5142,-122.6794
1454,2024-11-03T14:00,8.5,100,4.9,45.5142,-122.6794
1455,2024-11-03T15:00,8.5,100,2.5,45.5142,-122.6794
1456,2024-11-03T16:00,8.6,73,1.8,45.5142,-122.6794
1457,2024-11-03T17:00,9.6,77,4.3,45.5142,-122.6794
1458,2024-11-03T18:00,10.3,100,7.0,45.5142,-122.6794
1459,2024-11-03T19:00,10.8,100,9.5,45.5142,-122.6794
1460,2024-11-03T20:00,12.4,24,12.9,45.5142,-122.6794
1461,2024-11-03T21:00,12.8,52,13.1,45.5142,-122.6794
1462,2024-11-03T22:00,12.6,100,12.5,45.5142,-122.6794
1463,2024-11-03T23:00,12.8,14,12.4,45.5142,-122.6794
1464,2024-11-04T00:00,11.9,12,12.6,45.5142,-122.6794
1465,2024-11-04T01:00,10.5,7,7.8,45.5142,-122.6794
1466,2024-11-04T02:00,9.8,22,6.5,45.5142,-122.6794
1467,2024-11-04T03:00,9.4,68,5.8,45.5142,-122.6794
1468,2024-11-04T04:00,9.0,82,4.1,45.5142,-122.6794
1469,2024-11-04T05:00,9.1,83,3.3,45.5142,-122.6794
1470,2024-11-04T06:00,8.6,91,1.1,45.5142,-122.6794
1471,2024-11-04T07:00,8.6,92,1.0,45.5142,-122.6794
1472,2024-11-04T08:00,8.7,93,1.1,45.5142,-122.6794
1473,2024-11-04T09:00,8.6,94,1.4,45.5142,-122.6794
1474,2024-11-04T10:00,8.3,92,2.2,45.5142,-122.6794
1475,2024-11-04T11:00,7.9,89,3.0,45.5142,-122.6794
1476,2024-11-04T12:00,7.5,87,3.3,45.5142,-122.6794
1477,2024-11-04T13:00,7.2,77,2.6,45.5142,-122.6794
1478,2024-11-04T14:00,6.8,66,1.8,45.5142,-122.6794
1479,2024-11-04T15:00,6.9,56,0.8,45.5142,-122.6794
1480,2024-11-04T16:00,7.7,54,1.8,45.5142,-122.6794
1481,2024-11-04T17:00,8.9,53,3.6,45.5142,-122.6794
1482,2024-11-04T18:00,9.9,51,4.7,45.5142,-122.6794
1483,2024-11-04T19:00,10.8,64,5.0,45.5142,-122.6794
1484,2024-11-04T20:00,11.6,78,5.2,45.5142,-122.6794
1485,2024-11-04T21:00,12.1,91,5.4,45.5142,-122.6794
1486,2024-11-04T22:00,12.0,94,5.7,45.5142,-122.6794
1487,2024-11-04T23:00,11.5,97,6.3,45.5142,-122.6794
1488,2024-11-05T00:00,11.1,100,6.3,45.5142,-122.6794
1489,2024-11-05T01:00,10.9,100,5.4,45.5142,-122.6794
1490,2024-11-05T02:00,10.7,100,4.5,45.5142,-122.6794
1491,2024-11-05T03:00,10.6,100,4.6,45.5142,-122.6794
1492,2024-11-05T04:00,10.5,100,4.6,45.5142,-122.6794
1493,2024-11-05T05:00,10.4,100,5.0,45.5142,-122.6794
1494,2024-11-05T06:00,10.3,100,5.4,45.5142,-122.6794
1495,2024-11-05T07:00,10.2,100,6.1,45.5142,-122.6794
1496,2024-11-05T08:00,10.1,100,7.2,45.5142,-122.6794
1497,2024-11-05T09:00,10.0,100,7.2,45.5142,-122.6794
1498,2024-11-05T10:00,9.9,100,6.2,45.5142,-122.6794
1499,2024-11-05T11:00,9.8,100,4.8,45.5142,-122.6794
1500,2024-11-05T12:00,9.7,100,3.9,45.5142,-122.6794
1501,2024-11-05T13:00,9.7,100,5.0,45.5142,-122.6794
1502,2024-11-05T14:00,9.8,99,7.6,45.5142,-122.6794
1503,2024-11-05T15:00,9.8,99,9.8,45.5142,-122.6794
1504,2024-11-05T16:00,9.8,85,10.9,45.5142,-122.6794
1505,2024-11-05T17:00,9.8,71,11.7,45.5142,-122.6794
1506,2024-11-05T18:00,10.0,57,12.3,45.5142,-122.6794
1507,2024-11-05T19:00,10.5,60,13.2,45.5142,-122.6794
1508,2024-11-05T20:00,11.2,64,15.2,45.5142,-122.6794
1509,2024-11-05T21:00,11.6,67,16.4,45.5142,-122.6794
1510,2024-11-05T22:00,11.6,57,16.2,45.5142,-122.6794
1511,2024-11-05T23:00,11.4,46,15.0,45.5142,-122.6794
